ts_code,trade_date,open,high,low,close,pre_close,change,pct_chg,vol,amount
002787.SZ,20200110,8.08,8.23,7.91,8.11,8.05,0.06,0.7453,43225.0,34917.452
002787.SZ,20200109,7.76,8.12,7.75,8.05,7.73,0.32,4.1397,52608.01,41679.55
002787.SZ,20200108,7.82,7.91,7.66,7.73,7.86,-0.13,-1.6539,42643.5,33114.491
002787.SZ,20200107,7.69,7.93,7.66,7.86,7.81,0.05,0.6402,68706.96,53655.398
002787.SZ,20200106,7.4,7.89,7.31,7.81,7.27,0.54,7.4278,103517.97,79397.358
002787.SZ,20200103,7.26,7.31,7.22,7.27,7.31,-0.04,-0.5472,23705.02,17194.703
002787.SZ,20200102,7.32,7.34,7.2,7.31,7.29,0.02,0.2743,38391.03,27946.316
002787.SZ,20191231,7.08,7.5,7.08,7.29,7.14,0.15,2.1008,38157.0,27771.576
002787.SZ,20191230,6.99,7.16,6.91,7.14,7.08,0.06,0.8475,25968.92,18281.36
002787.SZ,20191227,7.21,7.25,7.08,7.08,7.2,-0.12,-1.6667,29995.0,21511.969
002787.SZ,20191226,7.14,7.25,7.09,7.2,7.19,0.01,0.1391,26030.29,18656.988
002787.SZ,20191225,7.19,7.27,7.11,7.19,7.15,0.04,0.5594,30785.0,22178.857
002787.SZ,20191224,7.2,7.2,7.03,7.15,7.15,0.0,0.0,29334.88,20896.582
002787.SZ,20191223,7.27,7.32,7.03,7.15,7.28,-0.13,-1.7857,36739.0,26422.33
002787.SZ,20191220,7.42,7.47,7.26,7.28,7.44,-0.16,-2.1505,47882.7,35056.564
002787.SZ,20191219,7.12,7.65,7.11,7.44,7.21,0.23,3.19,100698.58,75088.451
002787.SZ,20191218,7.1,7.27,7.08,7.21,7.22,-0.01,-0.1385,77255.39,55272.567
002787.SZ,20191217,7.48,7.48,7.15,7.22,7.19,0.03,0.4172,158372.89,115758.765
002787.SZ,20191216,6.7,7.19,6.7,7.19,6.54,0.65,9.9388,51793.01,36718.647
002787.SZ,20191213,6.45,6.57,6.39,6.54,6.39,0.15,2.3474,20339.4,13195.675
002787.SZ,20191212,6.44,6.47,6.34,6.39,6.37,0.02,0.314,11622.0,7447.535
002787.SZ,20191211,6.41,6.45,6.35,6.37,6.45,-0.08,-1.2403,12193.0,7798.967
002787.SZ,20191210,6.43,6.46,6.28,6.45,6.44,0.01,0.1553,23332.0,14829.315
002787.SZ,20191209,6.56,6.56,6.4,6.44,6.46,-0.02,-0.3096,13204.0,8516.797
002787.SZ,20191206,6.43,6.51,6.41,6.46,6.45,0.01,0.155,12599.7,8133.807
002787.SZ,20191205,6.35,6.48,6.35,6.45,6.35,0.1,1.5748,15337.0,9874.252
002787.SZ,20191204,6.3,6.37,6.27,6.35,6.34,0.01,0.1577,8492.0,5383.072
002787.SZ,20191203,6.27,6.35,6.23,6.34,6.26,0.08,1.278,11041.0,6930.145
002787.SZ,20191202,6.17,6.28,6.16,6.26,6.17,0.09,1.4587,15761.3,9815.157
002787.SZ,20191129,6.18,6.19,6.13,6.17,6.18,-0.01,-0.1618,7654.0,4713.197
002787.SZ,20191128,6.15,6.22,6.14,6.18,6.16,0.02,0.3247,8489.0,5248.277
002787.SZ,20191127,6.23,6.3,6.13,6.16,6.16,0.0,0.0,5529.0,3409.405
002787.SZ,20191126,6.14,6.19,6.13,6.16,6.16,0.0,0.0,4732.61,2914.741
002787.SZ,20191125,6.04,6.19,6.03,6.16,6.12,0.04,0.6536,12580.49,7668.137
002787.SZ,20191122,6.2,6.21,6.09,6.12,6.13,-0.01,-0.1631,9793.29,6021.238
002787.SZ,20191121,6.18,6.21,6.11,6.13,6.19,-0.06,-0.9693,11057.5,6805.258
002787.SZ,20191120,6.19,6.23,6.17,6.19,6.19,0.0,0.0,13032.01,8072.339
002787.SZ,20191119,6.06,6.24,6.06,6.19,6.09,0.1,1.642,16130.0,9948.011
002787.SZ,20191118,6.02,6.15,6.02,6.09,6.07,0.02,0.3295,10189.3,6206.779
002787.SZ,20191115,6.22,6.22,6.07,6.07,6.2,-0.13,-2.0968,12226.2,7493.999
002787.SZ,20191114,6.19,6.21,6.14,6.2,6.2,0.0,0.0,10347.0,6391.765
002787.SZ,20191113,6.16,6.25,6.15,6.2,6.17,0.03,0.4862,10872.5,6733.042
002787.SZ,20191112,6.27,6.27,6.1,6.17,6.29,-0.12,-1.9078,16495.49,10141.375
002787.SZ,20191111,6.25,6.35,6.1,6.29,6.3,-0.01,-0.1587,21357.0,13266.594
002787.SZ,20191108,6.46,6.48,6.29,6.3,6.46,-0.16,-2.4768,22405.79,14283.298
002787.SZ,20191107,6.48,6.6,6.4,6.46,6.59,-0.13,-1.9727,15390.5,9957.675
002787.SZ,20191106,6.49,6.65,6.48,6.59,6.6,-0.01,-0.1515,12680.0,8326.051
002787.SZ,20191105,6.62,6.64,6.52,6.6,6.62,-0.02,-0.3021,14825.5,9751.926
002787.SZ,20191104,6.63,6.66,6.5,6.62,6.59,0.03,0.4552,15251.61,10056.323
002787.SZ,20191101,6.37,6.64,6.3,6.59,6.43,0.16,2.4883,16344.9,10667.675
002787.SZ,20191031,6.5,6.61,5.87,6.43,6.51,-0.08,-1.2289,14707.47,9520.849
002787.SZ,20191030,6.66,6.66,6.48,6.51,6.62,-0.11,-1.6616,13426.69,8795.061
002787.SZ,20191029,6.8,6.88,6.61,6.62,6.79,-0.17,-2.5037,20750.0,13919.2
002787.SZ,20191028,6.66,6.79,6.57,6.79,6.67,0.12,1.7991,16438.0,11051.233
002787.SZ,20191025,6.68,6.7,6.54,6.67,6.66,0.01,0.1502,14476.0,9582.907
002787.SZ,20191024,6.62,6.71,6.56,6.66,6.65,0.01,0.1504,12025.0,7969.473
002787.SZ,20191023,6.66,6.87,6.59,6.65,6.66,-0.01,-0.1502,21330.0,14348.562
002787.SZ,20191022,6.57,6.74,6.45,6.66,6.5,0.16,2.4615,14616.2,9697.892
002787.SZ,20191021,6.55,6.55,6.33,6.5,6.56,-0.06,-0.9146,9000.13,5802.799
002787.SZ,20191018,6.68,6.73,6.55,6.56,6.68,-0.12,-1.7964,10476.0,6957.668
002787.SZ,20191017,6.7,6.73,6.64,6.68,6.71,-0.03,-0.4471,7024.0,4692.656
002787.SZ,20191016,6.83,6.84,6.67,6.71,6.79,-0.08,-1.1782,8970.0,6062.403
002787.SZ,20191015,6.84,6.84,6.73,6.79,6.85,-0.06,-0.8759,11155.0,7566.124
002787.SZ,20191014,6.8,6.9,6.76,6.85,6.79,0.06,0.8837,12651.0,8661.211
002787.SZ,20191011,6.69,6.83,6.63,6.79,6.69,0.1,1.4948,17260.0,11616.798
002787.SZ,20191010,6.62,6.7,6.6,6.69,6.66,0.03,0.4505,9130.0,6087.111
002787.SZ,20191009,6.53,6.67,6.51,6.66,6.56,0.1,1.5244,13639.0,9013.909
002787.SZ,20191008,6.58,6.72,6.51,6.56,6.59,-0.03,-0.4552,16363.0,10835.47
002787.SZ,20190930,6.68,6.91,6.59,6.59,6.69,-0.1,-1.4948,16125.0,10816.982
002787.SZ,20190927,6.57,6.75,6.57,6.69,6.62,0.07,1.0574,14073.0,9427.947
002787.SZ,20190926,6.71,6.8,6.55,6.62,6.73,-0.11,-1.6345,21208.17,14156.245
002787.SZ,20190925,6.91,6.95,6.7,6.73,6.95,-0.22,-3.1655,20914.97,14209.208
002787.SZ,20190924,6.88,7.01,6.85,6.95,6.89,0.06,0.8708,23193.97,16120.829
002787.SZ,20190923,6.99,6.99,6.83,6.89,6.99,-0.1,-1.4306,18321.82,12604.92
002787.SZ,20190920,6.84,7.01,6.82,6.99,6.87,0.12,1.7467,30603.0,21305.765
002787.SZ,20190919,6.81,6.95,6.73,6.87,6.88,-0.01,-0.1453,27577.5,18819.063
002787.SZ,20190918,6.84,7.07,6.72,6.88,6.78,0.1,1.4749,35697.0,24633.653
002787.SZ,20190917,6.91,6.91,6.72,6.78,6.93,-0.15,-2.1645,20733.69,14118.46
002787.SZ,20190916,6.9,7.09,6.9,6.93,6.92,0.01,0.1445,33886.73,23630.638
002787.SZ,20190912,6.93,7.06,6.83,6.92,6.89,0.03,0.4354,20454.31,14114.775
002787.SZ,20190911,6.92,6.95,6.82,6.89,6.91,-0.02,-0.2894,19302.69,13296.434
002787.SZ,20190910,6.95,6.95,6.86,6.91,6.96,-0.05,-0.7184,17727.0,12233.643
002787.SZ,20190909,6.83,6.97,6.8,6.96,6.8,0.16,2.3529,21176.45,14599.924
002787.SZ,20190906,6.83,6.88,6.74,6.8,6.79,0.01,0.1473,23873.0,16218.378
002787.SZ,20190905,6.7,6.94,6.65,6.79,6.68,0.11,1.6467,34434.45,23461.871
002787.SZ,20190904,6.67,6.71,6.53,6.68,6.62,0.06,0.9063,15564.23,10339.968
002787.SZ,20190903,6.77,6.77,6.54,6.62,6.63,-0.01,-0.1508,20967.0,13896.897
002787.SZ,20190902,6.49,6.69,6.48,6.63,6.48,0.15,2.3148,14821.23,9813.805
002787.SZ,20190830,6.71,6.72,6.46,6.48,6.67,-0.19,-2.8486,11326.0,7447.324
002787.SZ,20190829,6.76,6.76,6.6,6.67,6.71,-0.04,-0.5961,11523.02,7678.446
002787.SZ,20190828,6.71,6.76,6.61,6.71,6.66,0.05,0.7508,18865.0,12649.132
002787.SZ,20190827,6.63,6.72,6.59,6.66,6.61,0.05,0.7564,21024.31,14011.375
002787.SZ,20190826,6.46,6.66,6.46,6.61,6.65,-0.04,-0.6015,12953.92,8503.317
002787.SZ,20190823,6.68,6.68,6.6,6.65,6.6,0.05,0.7576,9329.81,6194.532
002787.SZ,20190822,6.59,6.71,6.57,6.6,6.66,-0.06,-0.9009,13863.0,9173.407
002787.SZ,20190821,6.53,6.7,6.52,6.66,6.57,0.09,1.3699,15718.0,10451.558
002787.SZ,20190820,6.6,6.71,6.5,6.57,6.64,-0.07,-1.0542,25161.02,16667.878
002787.SZ,20190819,6.35,6.65,6.35,6.64,6.37,0.27,4.2386,20487.39,13366.817
002787.SZ,20190816,6.32,6.43,6.26,6.37,6.33,0.04,0.6319,13176.45,8393.185
002787.SZ,20190815,6.1,6.33,6.1,6.33,6.3,0.03,0.4762,13673.92,8493.999
002787.SZ,20190814,6.4,6.41,6.29,6.3,6.32,-0.02,-0.3165,11889.0,7550.562
002787.SZ,20190813,6.25,6.34,6.25,6.32,6.32,0.0,0.0,8698.92,5487.964
002787.SZ,20190812,6.27,6.33,6.18,6.32,6.27,0.05,0.7974,11068.0,6909.036
002787.SZ,20190809,6.2,6.37,6.2,6.27,6.25,0.02,0.32,8508.65,5351.335
002787.SZ,20190808,6.29,6.34,6.25,6.25,6.29,-0.04,-0.6359,10126.02,6378.353
002787.SZ,20190807,6.31,6.34,6.22,6.29,6.25,0.04,0.64,12763.0,8014.95
002787.SZ,20190806,6.29,6.4,6.12,6.25,6.44,-0.19,-2.9503,14578.0,9112.625
002787.SZ,20190805,6.44,6.65,6.38,6.44,6.42,0.02,0.3115,17251.5,11258.042
002787.SZ,20190802,6.55,6.55,6.32,6.42,6.6,-0.18,-2.7273,18288.52,11740.985
002787.SZ,20190801,6.68,6.71,6.56,6.6,6.74,-0.14,-2.0772,14750.0,9776.858
002787.SZ,20190731,6.85,6.85,6.7,6.74,6.82,-0.08,-1.173,10375.0,6989.121
002787.SZ,20190730,6.78,6.85,6.75,6.82,6.8,0.02,0.2941,10530.45,7173.69
002787.SZ,20190729,6.76,6.8,6.73,6.8,6.78,0.02,0.295,8008.81,5423.016
002787.SZ,20190726,6.74,6.79,6.7,6.78,6.74,0.04,0.5935,10673.0,7205.256
002787.SZ,20190725,6.79,6.79,6.71,6.74,6.77,-0.03,-0.4431,12417.0,8370.202
002787.SZ,20190724,6.79,6.84,6.68,6.77,6.76,0.01,0.1479,13931.0,9482.346
002787.SZ,20190723,6.61,6.8,6.61,6.76,6.67,0.09,1.3493,9464.0,6365.412
002787.SZ,20190722,7.0,7.01,6.65,6.67,7.0,-0.33,-4.7143,20564.0,13963.756
002787.SZ,20190719,6.98,7.08,6.98,7.0,6.98,0.02,0.2865,14244.0,10026.687
002787.SZ,20190718,7.13,7.16,6.98,6.98,7.17,-0.19,-2.6499,25773.5,18134.564
002787.SZ,20190717,7.25,7.25,7.12,7.17,7.3,-0.13,-1.7808,38737.5,27835.271
002787.SZ,20190716,7.48,7.48,7.15,7.3,7.7,-0.4,-5.1948,75941.9,55651.137
002787.SZ,20190715,7.69,8.1,7.61,7.7,7.78,-0.08,-1.0283,130196.9,102183.961
002787.SZ,20190712,7.64,7.85,7.54,7.78,7.65,0.13,1.6993,62058.52,47600.858
002787.SZ,20190711,7.7,7.98,7.58,7.65,7.66,-0.01,-0.1305,56986.51,44043.216
002787.SZ,20190710,7.48,7.82,7.42,7.66,7.48,0.18,2.4064,72720.02,55526.976
002787.SZ,20190709,7.21,7.52,7.06,7.48,7.21,0.27,3.7448,35522.0,25998.962
002787.SZ,20190708,7.35,7.37,7.08,7.21,7.37,-0.16,-2.171,33381.02,24044.021
002787.SZ,20190705,7.27,7.41,7.21,7.37,7.27,0.1,1.3755,15702.0,11523.639
002787.SZ,20190704,7.32,7.41,7.21,7.27,7.37,-0.1,-1.3569,15162.41,11051.225
002787.SZ,20190703,7.42,7.47,7.29,7.37,7.45,-0.08,-1.0738,18761.55,13766.616
002787.SZ,20190702,7.47,7.49,7.38,7.45,7.42,0.03,0.4043,19756.62,14703.045
002787.SZ,20190701,7.25,7.44,7.25,7.42,7.16,0.26,3.6313,28230.55,20850.089
002787.SZ,20190628,7.36,7.36,7.03,7.16,7.33,-0.17,-2.3192,23907.0,17087.799
002787.SZ,20190627,7.36,7.44,7.31,7.33,7.36,-0.03,-0.4076,16405.0,12107.156
002787.SZ,20190626,7.3,7.56,7.22,7.36,7.31,0.05,0.684,25917.62,19188.475
002787.SZ,20190625,7.36,7.44,7.15,7.31,7.41,-0.1,-1.3495,24733.74,17984.662
002787.SZ,20190624,7.48,7.48,7.36,7.41,7.34,0.07,0.9537,20462.39,15203.731
002787.SZ,20190621,7.35,7.43,7.3,7.34,7.26,0.08,1.1019,21298.0,15700.45
002787.SZ,20190620,7.16,7.29,7.12,7.26,7.17,0.09,1.2552,15764.32,11404.525
002787.SZ,20190619,7.15,7.24,7.1,7.17,7.0,0.17,2.4286,16312.11,11695.903
002787.SZ,20190618,7.09,7.12,6.96,7.0,7.03,-0.03,-0.4267,10660.78,7494.612
002787.SZ,20190617,7.12,7.13,6.89,7.03,7.25,-0.22,-3.0345,20550.99,14404.122
002787.SZ,20190614,7.4,7.54,7.21,7.25,7.34,-0.09,-1.2262,17073.0,12593.744
002787.SZ,20190613,7.35,7.37,7.23,7.34,7.27,0.07,0.9629,13937.97,10199.865
002787.SZ,20190612,7.27,7.4,7.25,7.27,7.31,-0.04,-0.5472,13285.0,9703.569
002787.SZ,20190611,7.12,7.32,7.11,7.31,7.11,0.2,2.8129,18998.72,13761.485
002787.SZ,20190610,6.88,7.15,6.87,7.11,6.87,0.24,3.4934,13310.0,9319.973
002787.SZ,20190606,7.14,7.14,6.83,6.87,7.15,-0.28,-3.9161,17233.0,12039.287
002787.SZ,20190605,7.14,7.23,7.11,7.15,7.08,0.07,0.9887,8764.17,6272.301
002787.SZ,20190604,7.17,7.23,7.05,7.08,7.17,-0.09,-1.2552,12144.0,8658.506
002787.SZ,20190603,7.4,7.4,7.15,7.17,7.39,-0.22,-2.977,16217.0,11735.724
002787.SZ,20190531,7.48,7.49,7.31,7.39,7.4,-0.01,-0.1351,13104.24,9692.936
002787.SZ,20190530,7.42,7.42,7.26,7.4,7.42,-0.02,-0.2695,14786.0,10859.933
002787.SZ,20190529,7.46,7.55,7.43,7.47,7.46,0.01,0.134,15193.81,11380.296
002787.SZ,20190528,7.44,7.6,7.42,7.46,7.44,0.02,0.2688,21476.93,16149.821
002787.SZ,20190527,7.27,7.48,7.21,7.44,7.3,0.14,1.9178,20123.31,14817.31
002787.SZ,20190524,7.35,7.47,7.26,7.3,7.3,0.0,0.0,17050.0,12505.832
002787.SZ,20190523,7.66,7.66,7.29,7.3,7.69,-0.39,-5.0715,25662.24,19090.365
002787.SZ,20190522,7.63,7.72,7.55,7.69,7.63,0.06,0.7864,21168.5,16189.521
002787.SZ,20190521,7.58,7.78,7.46,7.63,7.55,0.08,1.0596,20325.0,15567.61
002787.SZ,20190520,7.44,7.58,7.23,7.55,7.48,0.07,0.9358,19869.78,14796.41
002787.SZ,20190517,7.9,7.96,7.37,7.48,7.88,-0.4,-5.0761,34882.54,26686.816
002787.SZ,20190516,7.65,7.96,7.6,7.88,7.72,0.16,2.0725,38135.78,29811.622
002787.SZ,20190515,7.61,7.81,7.56,7.72,7.55,0.17,2.2517,33698.78,25828.612
002787.SZ,20190514,7.69,7.69,7.46,7.55,7.76,-0.21,-2.7062,34381.0,25970.629
002787.SZ,20190513,7.42,7.98,7.37,7.76,7.45,0.31,4.1611,50673.86,38932.128
002787.SZ,20190510,7.28,7.46,7.13,7.45,7.24,0.21,2.9006,27864.86,20543.475
002787.SZ,20190509,7.13,7.38,7.13,7.24,7.27,-0.03,-0.4127,18795.0,13678.992
002787.SZ,20190508,7.24,7.39,7.03,7.27,7.36,-0.09,-1.2228,20591.0,14937.254
002787.SZ,20190507,7.27,7.48,7.12,7.36,7.25,0.11,1.5172,26476.58,19353.463
002787.SZ,20190506,7.72,7.9,7.25,7.25,8.05,-0.8,-9.9379,36637.0,27378.98
002787.SZ,20190430,7.78,8.08,7.78,8.05,7.78,0.27,3.4704,22174.58,17692.164
002787.SZ,20190429,8.06,8.16,7.75,7.78,8.09,-0.31,-3.8319,29169.0,23093.43
002787.SZ,20190426,8.11,8.18,8.04,8.09,8.16,-0.07,-0.8578,23388.0,18994.117
002787.SZ,20190425,8.52,8.59,8.08,8.16,8.57,-0.41,-4.7841,34790.31,29125.427
002787.SZ,20190424,8.68,8.68,8.4,8.57,8.64,-0.07,-0.8102,36361.43,30941.412
002787.SZ,20190423,8.73,8.8,8.6,8.64,8.66,-0.02,-0.2309,29487.0,25672.968
002787.SZ,20190422,8.9,8.95,8.62,8.66,8.88,-0.22,-2.4775,43354.65,37955.734
002787.SZ,20190419,8.77,8.88,8.71,8.88,8.71,0.17,1.9518,37577.43,33093.243
002787.SZ,20190418,8.87,8.96,8.68,8.71,8.87,-0.16,-1.8038,37210.19,32858.556
002787.SZ,20190417,8.8,8.96,8.76,8.87,8.84,0.03,0.3394,39447.28,35034.452
002787.SZ,20190416,8.64,8.85,8.63,8.84,8.63,0.21,2.4334,38511.12,33646.045
002787.SZ,20190415,9.0,9.03,8.63,8.63,8.93,-0.3,-3.3595,62591.43,55465.368
002787.SZ,20190412,9.0,9.22,8.7,8.93,9.5,-0.57,-6.0,90237.67,81455.658
002787.SZ,20190411,9.76,10.2,9.5,9.5,9.65,-0.15,-1.5544,136736.74,134892.687
002787.SZ,20190410,9.35,9.65,9.33,9.65,9.47,0.18,1.9007,72729.36,69143.587
002787.SZ,20190409,9.3,9.56,9.2,9.47,9.4,0.07,0.7447,57319.26,53643.704
002787.SZ,20190408,9.69,9.81,9.21,9.4,9.58,-0.18,-1.8789,83281.68,78739.625
002787.SZ,20190404,9.33,9.62,9.3,9.58,9.3,0.28,3.0108,107488.66,102011.375
002787.SZ,20190403,9.45,9.45,9.28,9.3,9.48,-0.18,-1.8987,77762.45,72633.125
002787.SZ,20190402,9.56,9.64,9.38,9.48,9.59,-0.11,-1.147,105396.81,99999.477
002787.SZ,20190401,9.45,9.64,9.15,9.59,9.44,0.15,1.589,129545.73,122313.169
002787.SZ,20190329,9.39,9.5,9.11,9.44,9.34,0.1,1.0707,71246.66,66841.134
002787.SZ,20190328,9.25,9.53,9.07,9.34,9.5,-0.16,-1.6842,82554.62,76757.131
002787.SZ,20190327,9.36,9.65,8.96,9.5,9.21,0.29,3.1488,111220.97,104281.733
002787.SZ,20190326,9.7,9.75,9.16,9.21,9.45,-0.24,-2.5397,99218.05,94095.558
002787.SZ,20190325,9.59,9.84,9.34,9.45,10.26,-0.81,-7.8947,168993.04,162316.751
002787.SZ,20190322,10.71,10.73,9.89,10.26,10.99,-0.73,-6.6424,286938.24,293554.736
002787.SZ,20190321,10.99,10.99,10.22,10.99,9.99,1.0,10.01,413307.21,443582.541
002787.SZ,20190320,9.99,9.99,9.8,9.99,9.08,0.91,10.022,97796.02,97642.157
002787.SZ,20190319,8.2,9.08,8.15,9.08,8.25,0.83,10.0606,140521.25,120618.696
002787.SZ,20190318,8.01,8.25,7.9,8.25,8.0,0.25,3.125,49448.0,40097.807
002787.SZ,20190315,7.93,8.18,7.8,8.0,7.87,0.13,1.6518,42121.0,33798.151
002787.SZ,20190314,8.16,8.19,7.75,7.87,8.19,-0.32,-3.9072,55171.22,43776.786
002787.SZ,20190313,8.29,8.55,8.09,8.19,8.3,-0.11,-1.3253,77641.12,64356.949
002787.SZ,20190312,8.5,8.5,8.09,8.3,8.21,0.09,1.0962,75390.9,62239.156
002787.SZ,20190311,7.84,8.24,7.8,8.21,7.74,0.47,6.0724,69078.22,55432.097
002787.SZ,20190308,8.13,8.3,7.74,7.74,8.36,-0.62,-7.4163,72387.62,58434.892
002787.SZ,20190307,8.2,8.46,8.1,8.36,8.16,0.2,2.451,102436.81,85087.285
002787.SZ,20190306,8.09,8.27,7.92,8.16,8.05,0.11,1.3665,87154.87,70578.237
002787.SZ,20190305,7.69,8.05,7.69,8.05,7.74,0.31,4.0052,81327.0,64255.089
002787.SZ,20190304,7.82,7.99,7.72,7.74,7.79,-0.05,-0.6418,56793.0,44710.582
002787.SZ,20190301,7.8,7.81,7.7,7.79,7.81,-0.02,-0.2561,30085.0,23314.62
002787.SZ,20190228,7.53,7.88,7.51,7.81,7.6,0.21,2.7632,62281.0,48378.878
002787.SZ,20190227,7.6,7.74,7.46,7.6,7.66,-0.06,-0.7833,52481.36,40107.068
002787.SZ,20190226,7.53,7.99,7.42,7.66,7.59,0.07,0.9223,87889.4,67244.598
002787.SZ,20190225,7.37,7.6,7.34,7.59,7.32,0.27,3.6885,64918.06,48599.489
002787.SZ,20190222,7.16,7.35,7.11,7.32,7.19,0.13,1.8081,37670.92,27326.114
002787.SZ,20190221,7.25,7.27,6.98,7.19,7.27,-0.08,-1.1004,52754.68,37832.003
002787.SZ,20190220,7.38,7.44,7.0,7.27,7.42,-0.15,-2.0216,51889.48,37607.125
002787.SZ,20190219,7.36,7.42,7.29,7.42,7.38,0.04,0.542,39161.34,28770.026
002787.SZ,20190218,7.23,7.45,7.21,7.38,7.26,0.12,1.6529,58457.92,42914.639
002787.SZ,20190215,7.19,7.37,7.13,7.26,7.35,-0.09,-1.2245,59639.0,43087.835
002787.SZ,20190214,7.0,7.7,6.95,7.35,7.0,0.35,5.0,99300.0,74217.344
002787.SZ,20190213,6.82,7.0,6.82,7.0,6.84,0.16,2.3392,32797.14,22705.498
002787.SZ,20190212,6.78,6.87,6.75,6.84,6.76,0.08,1.1834,18474.0,12594.987
002787.SZ,20190211,6.72,6.84,6.72,6.76,6.72,0.04,0.5952,19275.0,13036.26
002787.SZ,20190201,6.61,6.73,6.56,6.72,6.51,0.21,3.2258,11224.0,7482.861
002787.SZ,20190131,6.59,6.73,6.51,6.51,6.58,-0.07,-1.0638,13942.14,9185.496
002787.SZ,20190130,6.57,6.69,6.52,6.58,6.53,0.05,0.7657,11705.0,7725.994
002787.SZ,20190129,6.65,6.71,6.48,6.53,6.66,-0.13,-1.952,18272.0,12103.62
002787.SZ,20190128,6.87,6.96,6.65,6.66,6.87,-0.21,-3.0568,26537.0,18040.779
002787.SZ,20190125,6.83,6.95,6.7,6.87,6.82,0.05,0.7331,18894.0,12894.608
002787.SZ,20190124,6.98,7.01,6.8,6.82,6.86,-0.04,-0.5831,20397.64,14064.796
002787.SZ,20190123,6.81,6.93,6.81,6.86,6.84,0.02,0.2924,10618.83,7290.084
002787.SZ,20190122,6.74,6.94,6.73,6.84,6.76,0.08,1.1834,13450.14,9199.529
002787.SZ,20190121,6.67,6.85,6.67,6.76,6.79,-0.03,-0.4418,13327.0,9039.793
002787.SZ,20190118,6.66,6.89,6.66,6.79,6.83,-0.04,-0.5857,17792.0,12053.507
002787.SZ,20190117,7.1,7.1,6.83,6.83,7.02,-0.19,-2.7066,31288.0,21809.085
002787.SZ,20190116,6.87,7.05,6.82,7.02,6.88,0.14,2.0349,22698.0,15687.809
002787.SZ,20190115,6.8,6.9,6.73,6.88,6.84,0.04,0.5848,16871.36,11503.637
002787.SZ,20190114,6.86,6.87,6.82,6.84,6.87,-0.03,-0.4367,11182.42,7652.803
002787.SZ,20190111,6.87,6.9,6.8,6.87,6.88,-0.01,-0.1453,14197.0,9722.192
002787.SZ,20190110,6.96,6.96,6.81,6.88,6.91,-0.03,-0.4342,15351.0,10564.54
002787.SZ,20190109,6.98,7.02,6.86,6.91,6.88,0.03,0.436,31244.0,21676.743
002787.SZ,20190108,6.87,6.95,6.82,6.88,6.87,0.01,0.1456,11372.0,7833.721
002787.SZ,20190107,6.86,6.97,6.79,6.87,6.84,0.03,0.4386,26302.0,18159.821
002787.SZ,20190104,6.68,6.91,6.59,6.84,6.69,0.15,2.2422,17514.0,11874.866
002787.SZ,20190103,6.63,6.84,6.6,6.69,6.62,0.07,1.0574,17658.0,11859.78
002787.SZ,20190102,6.6,6.67,6.6,6.62,6.6,0.02,0.303,7285.0,4833.921
002787.SZ,20181228,6.63,6.7,6.58,6.6,6.59,0.01,0.1517,14524.0,9653.316
002787.SZ,20181227,6.8,6.86,6.55,6.59,6.73,-0.14,-2.0802,18120.82,12103.463
002787.SZ,20181226,6.82,6.91,6.72,6.73,6.8,-0.07,-1.0294,12841.0,8720.7
002787.SZ,20181225,6.92,6.97,6.6,6.8,6.98,-0.18,-2.5788,33098.0,22318.55
002787.SZ,20181224,7.06,7.08,6.94,6.98,7.08,-0.1,-1.4124,20419.96,14316.7
002787.SZ,20181221,7.12,7.13,6.99,7.08,7.07,0.01,0.1414,29878.0,21066.807
002787.SZ,20181220,7.24,7.34,7.05,7.07,7.3,-0.23,-3.1507,50172.42,35875.523
002787.SZ,20181219,7.73,7.88,7.3,7.3,8.03,-0.73,-9.0909,92496.54,70137.561
002787.SZ,20181218,8.17,8.88,8.02,8.03,8.2,-0.17,-2.0732,130644.54,109845.271
002787.SZ,20181217,7.59,8.34,7.55,8.2,7.62,0.58,7.6115,81271.54,64724.107
002787.SZ,20181214,7.99,7.99,7.59,7.62,7.93,-0.31,-3.9092,28241.0,21897.585
002787.SZ,20181213,7.95,8.12,7.86,7.93,8.03,-0.1,-1.2453,32353.46,25795.602
002787.SZ,20181212,7.85,8.21,7.8,8.03,7.86,0.17,2.1628,47501.2,38215.309
002787.SZ,20181211,7.55,7.9,7.55,7.86,7.59,0.27,3.5573,51903.76,40239.049
002787.SZ,20181210,7.46,7.65,7.42,7.59,7.53,0.06,0.7968,15784.0,11900.348
002787.SZ,20181207,7.41,7.61,7.41,7.53,7.48,0.05,0.6684,15489.0,11680.355
002787.SZ,20181206,7.46,7.63,7.38,7.48,7.45,0.03,0.4027,26404.0,19864.888
002787.SZ,20181205,7.47,7.51,7.3,7.45,7.61,-0.16,-2.1025,15699.0,11685.914
002787.SZ,20181204,7.66,7.69,7.53,7.61,7.71,-0.1,-1.297,20855.0,15868.208
002787.SZ,20181203,7.6,7.74,7.52,7.71,7.48,0.23,3.0749,40217.01,30699.846
002787.SZ,20181130,7.35,7.5,7.2,7.48,7.54,-0.06,-0.7958,13138.0,9709.417
002787.SZ,20181129,7.56,7.61,7.07,7.54,7.52,0.02,0.266,22177.0,16382.575
002787.SZ,20181128,7.34,7.54,7.14,7.52,7.45,0.07,0.9396,22060.02,16263.795
002787.SZ,20181127,7.63,7.65,7.3,7.45,7.32,0.13,1.776,32942.12,24716.774
002787.SZ,20181126,7.16,7.35,7.06,7.32,7.08,0.24,3.3898,30191.0,21960.033
002787.SZ,20181123,7.61,7.61,7.02,7.08,7.55,-0.47,-6.2252,28485.0,20646.382
002787.SZ,20181122,7.5,7.65,7.47,7.55,7.47,0.08,1.071,23458.0,17758.213
002787.SZ,20181121,7.4,7.53,7.3,7.47,7.54,-0.07,-0.9284,24417.0,18145.441
002787.SZ,20181120,7.64,7.81,7.49,7.54,7.64,-0.1,-1.3089,28561.0,21825.236
002787.SZ,20181119,7.74,7.8,7.56,7.64,7.8,-0.16,-2.0513,28268.78,21603.804
002787.SZ,20181116,7.75,7.81,7.65,7.8,7.73,0.07,0.9056,31650.0,24530.971
002787.SZ,20181115,7.67,7.84,7.62,7.73,7.7,0.03,0.3896,31872.43,24617.434
002787.SZ,20181114,7.71,7.91,7.67,7.7,7.82,-0.12,-1.5345,35387.42,27483.207
002787.SZ,20181113,7.61,8.6,7.54,7.82,7.82,0.0,0.0,83381.2,65889.972
002787.SZ,20181112,7.4,8.05,7.2,7.82,7.33,0.49,6.6849,84871.75,64579.865
002787.SZ,20181109,6.9,7.33,6.82,7.33,7.01,0.32,4.5649,33641.0,24019.099
002787.SZ,20181108,6.95,7.13,6.95,7.01,6.92,0.09,1.3006,21576.02,15183.509
002787.SZ,20181107,7.08,7.08,6.92,6.92,7.08,-0.16,-2.2599,17201.0,12003.932
002787.SZ,20181106,7.03,7.27,6.92,7.08,7.08,0.0,0.0,23051.02,16260.065
002787.SZ,20181105,6.99,7.09,6.94,7.08,6.98,0.1,1.4327,22441.02,15749.945
002787.SZ,20181102,6.92,6.99,6.84,6.98,6.85,0.13,1.8978,25447.21,17659.069
002787.SZ,20181101,6.84,7.11,6.75,6.85,6.96,-0.11,-1.5805,47834.0,32998.269
002787.SZ,20181031,6.7,7.33,6.6,6.96,6.66,0.3,4.5045,64248.2,45549.935
002787.SZ,20181030,6.52,6.66,6.41,6.66,6.61,0.05,0.7564,17665.0,11586.063
002787.SZ,20181029,6.63,6.7,6.48,6.61,6.6,0.01,0.1515,11093.09,7287.558
002787.SZ,20181026,6.66,6.81,6.57,6.6,6.6,0.0,0.0,16158.0,10772.735
002787.SZ,20181025,6.31,6.65,6.31,6.6,6.6,0.0,0.0,17804.0,11507.23
002787.SZ,20181024,6.58,6.73,6.54,6.6,6.57,0.03,0.4566,14815.0,9834.134
002787.SZ,20181023,6.7,6.75,6.51,6.57,6.67,-0.1,-1.4993,18331.11,12132.367
002787.SZ,20181022,6.43,6.8,6.43,6.67,6.38,0.29,4.5455,32374.24,21351.889
002787.SZ,20181019,6.31,6.44,6.12,6.38,6.31,0.07,1.1094,11944.0,7548.006
002787.SZ,20181018,6.58,6.58,6.3,6.31,6.65,-0.34,-5.1128,18053.0,11488.187
002787.SZ,20181017,6.68,6.68,6.42,6.65,6.66,-0.01,-0.1502,13505.0,8867.943
002787.SZ,20181016,6.61,6.79,6.28,6.66,6.71,-0.05,-0.7452,13066.0,8533.096
002787.SZ,20181015,6.72,6.92,6.61,6.71,6.69,0.02,0.299,11218.0,7611.743
002787.SZ,20181012,6.66,6.83,6.38,6.69,6.59,0.1,1.5175,18301.2,12078.498
002787.SZ,20181011,7.21,7.21,6.59,6.59,7.32,-0.73,-9.9727,23146.0,15867.997
002787.SZ,20181010,7.18,7.35,7.17,7.32,7.19,0.13,1.8081,10425.0,7602.619
002787.SZ,20181009,7.16,7.34,7.13,7.19,7.16,0.03,0.419,13235.0,9589.171
002787.SZ,20181008,7.47,7.47,7.13,7.16,7.58,-0.42,-5.5409,12902.0,9363.814
002787.SZ,20180928,7.51,7.63,7.51,7.58,7.52,0.06,0.7979,8651.0,6542.403
002787.SZ,20180927,7.7,7.74,7.45,7.52,7.68,-0.16,-2.0833,12497.0,9463.294
002787.SZ,20180926,7.79,7.85,7.66,7.68,7.73,-0.05,-0.6468,13510.0,10411.156
002787.SZ,20180925,7.67,7.77,7.63,7.73,7.73,0.0,0.0,11954.0,9216.856
002787.SZ,20180921,7.65,7.73,7.58,7.73,7.63,0.1,1.3106,15764.0,12087.783
002787.SZ,20180920,7.6,7.76,7.6,7.63,7.68,-0.05,-0.651,14729.6,11270.97
002787.SZ,20180919,7.64,7.8,7.49,7.68,7.76,-0.08,-1.0309,23860.02,18210.959
002787.SZ,20180918,7.42,8.14,7.35,7.76,7.4,0.36,4.8649,30581.0,23880.735
002787.SZ,20180917,7.72,7.72,7.31,7.4,7.7,-0.3,-3.8961,19582.0,14502.966
002787.SZ,20180914,7.89,7.9,7.68,7.7,7.85,-0.15,-1.9108,12159.42,9434.41
002787.SZ,20180913,7.82,7.87,7.76,7.85,7.78,0.07,0.8997,11620.0,9087.158
002787.SZ,20180912,7.74,7.8,7.63,7.78,7.7,0.08,1.039,11370.0,8797.062
002787.SZ,20180911,7.72,7.8,7.62,7.7,7.69,0.01,0.13,13689.0,10551.551
002787.SZ,20180910,8.0,8.02,7.67,7.69,8.01,-0.32,-3.995,23952.0,18627.88
002787.SZ,20180907,8.14,8.35,7.84,8.01,8.18,-0.17,-2.0782,33860.0,27391.775
002787.SZ,20180906,9.03,9.04,8.13,8.18,9.03,-0.85,-9.4131,58781.0,49205.507
002787.SZ,20180905,9.2,9.2,9.01,9.03,9.23,-0.2,-2.1668,12339.0,11210.88
002787.SZ,20180904,9.3,9.32,9.1,9.23,9.25,-0.02,-0.2162,10616.0,9770.401
002787.SZ,20180903,9.16,9.25,9.01,9.25,9.04,0.21,2.323,7379.0,6723.729
002787.SZ,20180831,9.27,9.38,9.04,9.04,9.27,-0.23,-2.4811,14289.0,13125.65
002787.SZ,20180830,9.53,9.6,9.24,9.27,9.55,-0.28,-2.9319,12689.0,11912.585
002787.SZ,20180829,9.72,9.74,9.45,9.55,9.72,-0.17,-1.749,9594.0,9183.138
002787.SZ,20180828,9.75,9.81,9.65,9.72,9.66,0.06,0.6211,9056.0,8788.419
002787.SZ,20180827,9.35,9.73,9.35,9.66,9.57,0.09,0.9404,10327.6,9948.693
002787.SZ,20180824,9.68,9.85,9.57,9.57,9.75,-0.18,-1.8462,9669.0,9353.921
002787.SZ,20180823,9.62,9.77,9.5,9.75,9.65,0.1,1.0363,11450.0,11030.305
002787.SZ,20180822,9.81,9.81,9.61,9.65,9.77,-0.12,-1.2282,7471.12,7235.312
002787.SZ,20180821,9.68,9.88,9.63,9.77,9.62,0.15,1.5593,8722.0,8535.342
002787.SZ,20180820,9.51,9.65,9.39,9.62,9.51,0.11,1.1567,11011.0,10502.761
002787.SZ,20180817,9.7,9.77,9.4,9.51,9.56,-0.05,-0.523,14877.0,14254.729
002787.SZ,20180816,9.34,9.79,9.34,9.56,9.72,-0.16,-1.6461,15741.0,15139.225
002787.SZ,20180815,9.99,10.13,9.03,9.72,10.01,-0.29,-2.8971,27185.0,26887.729
002787.SZ,20180814,10.1,10.1,9.89,10.01,10.11,-0.1,-0.9891,11947.0,11933.939
002787.SZ,20180813,10.02,10.16,9.85,10.11,10.02,0.09,0.8982,14564.0,14623.865
002787.SZ,20180810,9.9,10.09,9.78,10.02,9.79,0.23,2.3493,19264.0,19235.799
002787.SZ,20180809,9.6,9.89,9.51,9.79,9.6,0.19,1.9792,18084.0,17684.872
002787.SZ,20180808,9.7,9.96,9.56,9.6,9.88,-0.28,-2.834,23325.92,22604.616
002787.SZ,20180807,9.78,9.97,9.48,9.88,9.71,0.17,1.7508,29109.92,28469.165
002787.SZ,20180806,10.41,10.5,9.68,9.71,10.42,-0.71,-6.8138,34393.0,34320.248
002787.SZ,20180803,10.53,10.75,10.38,10.42,10.63,-0.21,-1.9755,14193.0,15012.808
002787.SZ,20180802,11.07,11.08,10.3,10.63,11.15,-0.52,-4.6637,48025.01,50930.542
002787.SZ,20180801,11.5,11.65,11.15,11.15,11.5,-0.35,-3.0435,31181.0,35532.902
002787.SZ,20180731,10.96,11.56,10.81,11.5,10.98,0.52,4.7359,41268.9,46773.148
002787.SZ,20180730,11.23,11.29,10.91,10.98,11.2,-0.22,-1.9643,19183.0,21200.953
002787.SZ,20180727,11.16,11.28,10.72,11.2,11.04,0.16,1.4493,38695.63,42500.89
002787.SZ,20180726,11.16,11.4,10.91,11.04,11.48,-0.44,-3.8328,50966.0,56836.65
002787.SZ,20180725,11.45,11.63,11.32,11.48,11.38,0.1,0.8787,36012.0,41120.641
002787.SZ,20180724,11.23,11.56,11.2,11.38,11.23,0.15,1.3357,42400.0,48336.667
002787.SZ,20180723,11.2,11.39,11.02,11.23,11.3,-0.07,-0.6195,72862.9,81741.159
002787.SZ,20180720,11.16,11.47,11.11,11.3,11.25,0.05,0.4444,74920.0,84427.419
002787.SZ,20180719,11.86,12.27,11.09,11.25,11.59,-0.34,-2.93,160164.53,188506.095
002787.SZ,20180718,10.7,11.59,10.7,11.59,10.54,1.05,9.96,153087.53,175637.667
002787.SZ,20180717,10.74,10.84,10.5,10.54,10.74,-0.2,-1.86,29375.0,31307.671
002787.SZ,20180716,10.85,10.9,10.66,10.74,10.73,0.01,0.09,18824.0,20289.912
002787.SZ,20180713,10.92,11.08,10.66,10.73,11.0,-0.27,-2.45,36429.0,39509.99
002787.SZ,20180712,11.0,11.21,10.8,11.0,11.0,0.0,0.0,50038.0,55251.175
002787.SZ,20180711,10.59,11.1,10.41,11.0,10.83,0.17,1.57,61248.01,66253.437
002787.SZ,20180710,10.36,10.95,10.29,10.83,10.36,0.47,4.54,72310.01,77620.631
002787.SZ,20180709,9.7,10.48,9.7,10.36,9.79,0.57,5.82,36464.01,37102.4
002787.SZ,20180706,9.62,9.97,9.38,9.79,9.63,0.16,1.66,20544.0,19936.563
002787.SZ,20180705,9.71,9.85,9.62,9.63,9.87,-0.24,-2.43,13708.52,13334.054
002787.SZ,20180704,9.86,9.95,9.53,9.87,9.89,-0.02,-0.2,24933.46,24223.233
002787.SZ,20180703,9.7,9.9,9.6,9.89,9.7,0.19,1.96,13849.46,13536.893
002787.SZ,20180702,9.9,10.05,9.51,9.7,9.95,-0.25,-2.51,20700.0,20378.873
002787.SZ,20180629,9.59,9.98,9.59,9.95,9.61,0.34,3.54,21667.0,21270.741
002787.SZ,20180628,9.62,9.76,9.54,9.61,9.62,-0.01,-0.1,11286.0,10897.558
002787.SZ,20180627,9.7,9.88,9.51,9.62,9.76,-0.14,-1.43,15094.26,14653.752
002787.SZ,20180626,9.36,9.86,9.25,9.76,9.66,0.1,1.04,19217.14,18457.933
002787.SZ,20180625,9.8,9.9,9.6,9.66,9.66,0.0,0.0,17808.0,17372.542
002787.SZ,20180622,9.63,9.77,9.19,9.66,9.63,0.03,0.31,21269.0,20388.828
002787.SZ,20180621,10.35,10.48,9.63,9.63,10.19,-0.56,-5.5,35611.0,35604.071
002787.SZ,20180620,9.83,10.37,9.82,10.19,9.8,0.39,3.98,31986.8,32296.455
002787.SZ,20180619,10.77,10.77,9.64,9.8,10.71,-0.91,-8.5,46959.8,47640.38
002787.SZ,20180615,11.35,11.45,10.65,10.71,11.47,-0.76,-6.63,52276.32,57467.253
002787.SZ,20180614,11.34,11.77,11.25,11.47,11.32,0.15,1.33,45167.88,52160.082
002787.SZ,20180613,11.58,11.75,11.32,11.32,11.7,-0.38,-3.25,44470.28,51206.667
002787.SZ,20180612,11.25,11.86,11.19,11.7,11.25,0.45,4.0,64906.14,75437.708
002787.SZ,20180611,11.35,11.42,11.09,11.25,11.26,-0.01,-0.09,40612.0,45600.262
002787.SZ,20180608,11.52,11.95,11.25,11.26,11.7,-0.44,-3.76,74343.78,85680.56
002787.SZ,20180607,11.38,11.96,11.2,11.7,11.4,0.3,2.63,80265.0,92838.573
002787.SZ,20180606,11.28,11.6,11.17,11.4,11.42,-0.02,-0.18,81971.78,93345.933
002787.SZ,20180605,10.96,11.95,10.9,11.62,11.15,0.47,4.22,114013.25,130109.47
002787.SZ,20180604,11.27,11.42,10.79,11.15,10.98,0.17,1.55,103116.05,114610.706
002787.SZ,20180601,10.25,11.39,10.2,10.98,10.35,0.63,6.09,84672.9,92694.925
002787.SZ,20180531,10.06,10.4,10.06,10.35,10.05,0.3,2.99,25403.86,25992.307
002787.SZ,20180530,10.45,10.45,9.88,10.05,10.6,-0.55,-5.19,39305.0,39858.776
002787.SZ,20180529,10.8,10.9,10.55,10.6,10.87,-0.27,-2.48,30744.0,33108.919
002787.SZ,20180528,10.4,10.98,10.4,10.87,10.69,0.18,1.68,38317.0,41116.34
002787.SZ,20180525,11.3,11.3,10.66,10.69,10.85,-0.16,-1.47,54344.06,59565.391
002787.SZ,20180524,10.89,11.07,10.74,10.85,10.88,-0.03,-0.28,30435.78,33037.819
002787.SZ,20180523,11.04,11.05,10.74,10.88,10.97,-0.09,-0.82,46245.64,50436.292
002787.SZ,20180522,10.57,11.04,10.46,10.97,10.55,0.42,3.98,81156.38,88283.851
002787.SZ,20180521,10.19,10.78,10.03,10.55,9.99,0.56,5.61,53224.24,55246.043
002787.SZ,20180518,9.99,10.07,9.85,9.99,10.0,-0.01,-0.1,19752.86,19656.18
002787.SZ,20180517,9.86,10.1,9.82,10.0,9.86,0.14,1.42,18315.0,18271.359
002787.SZ,20180516,10.08,10.08,9.85,9.86,10.07,-0.21,-2.09,23263.78,23129.054
002787.SZ,20180515,9.91,10.14,9.9,10.07,9.95,0.12,1.21,30294.46,30325.179
002787.SZ,20180514,9.94,10.08,9.74,9.95,10.51,-0.56,-5.33,69964.92,69426.536
002787.SZ,20180511,10.9,11.59,10.51,10.51,10.54,-0.03,-0.28,129691.14,145358.943
002787.SZ,20180510,10.46,10.64,10.3,10.54,10.46,0.08,0.76,50537.0,52909.067
002787.SZ,20180509,10.25,10.77,10.21,10.46,10.35,0.11,1.06,58391.04,60790.67
002787.SZ,20180508,10.01,10.38,9.91,10.35,10.09,0.26,2.58,47440.0,48244.986
002787.SZ,20180507,9.66,10.39,9.62,10.09,9.65,0.44,4.56,39282.32,39378.434
002787.SZ,20180504,9.61,9.74,9.56,9.65,9.7,-0.05,-0.52,12858.0,12401.958
002787.SZ,20180503,9.58,9.75,9.31,9.7,9.49,0.21,2.21,17899.0,17233.95
002787.SZ,20180502,9.57,9.65,9.27,9.49,9.43,0.06,0.64,12979.48,12270.74
002787.SZ,20180427,9.34,9.64,9.21,9.43,9.33,0.1,1.07,16889.32,15914.421
002787.SZ,20180426,9.57,9.68,9.26,9.33,9.56,-0.23,-2.41,15943.99,15045.094
002787.SZ,20180425,9.51,9.79,9.42,9.56,9.7,-0.14,-1.44,15012.52,14417.336
002787.SZ,20180424,9.4,9.72,9.33,9.7,9.35,0.35,3.74,16402.0,15728.034
002787.SZ,20180423,9.41,9.7,9.22,9.35,9.61,-0.26,-2.71,24011.0,22600.706
002787.SZ,20180420,10.25,10.39,9.61,9.61,10.08,-0.47,-4.66,39815.0,39822.539
002787.SZ,20180419,10.03,10.26,9.9,10.08,10.03,0.05,0.5,31397.56,31919.534
002787.SZ,20180418,10.05,10.15,9.73,10.03,9.97,0.06,0.6,19337.0,19240.503
002787.SZ,20180417,10.17,10.48,9.94,9.97,10.22,-0.25,-2.45,20949.54,21410.897
002787.SZ,20180416,10.43,10.74,10.15,10.22,10.6,-0.38,-3.58,25075.52,25871.559
002787.SZ,20180413,10.56,11.35,10.46,10.6,10.56,0.04,0.38,61431.99,66696.376
002787.SZ,20180412,10.3,10.87,10.29,10.56,10.37,0.19,1.83,38872.99,41194.632
002787.SZ,20180411,10.48,10.49,10.34,10.37,10.4,-0.03,-0.29,15515.99,16139.653
002787.SZ,20180410,10.24,10.46,10.2,10.4,10.23,0.17,1.66,16893.99,17448.582
002787.SZ,20180409,10.15,10.28,9.91,10.23,10.22,0.01,0.1,17434.0,17600.676
002787.SZ,20180404,10.34,10.66,10.2,10.22,10.38,-0.16,-1.54,19695.99,20541.314
002787.SZ,20180403,10.12,10.4,10.05,10.38,10.46,-0.08,-0.76,23600.0,24187.991
002787.SZ,20180402,10.25,10.87,10.25,10.46,10.35,0.11,1.06,40967.0,43190.745
002787.SZ,20180330,9.9,10.47,9.9,10.35,9.95,0.4,4.02,43535.2,44708.401
002787.SZ,20180329,9.68,10.15,9.48,9.95,9.43,0.52,5.51,39300.52,38529.532
002787.SZ,20180328,9.38,9.49,9.21,9.43,9.41,0.02,0.21,18387.52,17271.119
002787.SZ,20180327,9.31,9.48,9.27,9.41,9.19,0.22,2.39,15373.0,14432.643
002787.SZ,20180326,9.03,9.26,8.72,9.19,9.19,0.0,0.0,17406.0,15737.89
002787.SZ,20180323,9.9,9.98,9.14,9.19,10.16,-0.97,-9.55,28306.0,26961.76
002787.SZ,20180322,10.1,10.26,9.92,10.16,10.03,0.13,1.3,16026.78,16155.393
002787.SZ,20180321,10.23,10.38,10.03,10.03,10.22,-0.19,-1.86,18193.78,18577.219
002787.SZ,20180320,10.03,10.27,9.95,10.22,10.12,0.1,0.99,18688.0,18930.62
002787.SZ,20180319,9.97,10.28,9.8,10.12,9.97,0.15,1.5,16750.0,16863.935
002787.SZ,20180316,9.97,10.12,9.94,9.97,9.96,0.01,0.1,13534.0,13583.713
002787.SZ,20180315,10.12,10.18,9.84,9.96,10.14,-0.18,-1.78,16463.78,16478.088
002787.SZ,20180314,10.37,10.45,10.08,10.14,10.37,-0.23,-2.22,23542.56,24076.242
002787.SZ,20180313,10.43,10.66,10.35,10.37,10.49,-0.12,-1.14,24313.2,25457.582
002787.SZ,20180312,10.46,10.49,10.27,10.49,10.38,0.11,1.06,35407.04,36751.203
002787.SZ,20180309,9.87,10.48,9.87,10.38,9.92,0.46,4.64,46431.34,47338.238
002787.SZ,20180308,9.7,9.96,9.65,9.92,9.71,0.21,2.16,22142.0,21741.133
002787.SZ,20180307,9.78,9.92,9.69,9.71,9.78,-0.07,-0.72,15583.0,15226.207
002787.SZ,20180306,9.68,9.78,9.59,9.78,9.66,0.12,1.24,18551.88,18013.612
002787.SZ,20180305,9.58,9.69,9.52,9.66,9.62,0.04,0.42,12278.22,11798.252
002787.SZ,20180302,9.75,9.76,9.62,9.62,9.77,-0.15,-1.54,13436.04,13022.433
002787.SZ,20180301,9.79,9.8,9.6,9.77,9.72,0.05,0.51,12468.0,12129.644
002787.SZ,20180228,9.66,9.74,9.54,9.72,9.75,-0.03,-0.31,17219.34,16618.618
002787.SZ,20180227,9.58,9.77,9.48,9.75,9.58,0.17,1.77,19052.56,18426.456
002787.SZ,20180226,9.62,9.66,9.39,9.58,9.41,0.17,1.81,15513.0,14802.411
002787.SZ,20180223,9.4,9.54,9.37,9.41,9.38,0.03,0.32,10990.8,10374.616
002787.SZ,20180222,9.32,9.43,9.28,9.38,9.31,0.07,0.75,10316.0,9681.079
002787.SZ,20180214,9.22,9.35,9.18,9.31,9.26,0.05,0.54,8680.4,8036.793
002787.SZ,20180213,9.25,9.31,9.15,9.26,9.19,0.07,0.76,13472.84,12453.125
002787.SZ,20180212,9.15,9.26,9.01,9.19,8.94,0.25,2.8,10728.15,9807.751
002787.SZ,20180209,9.0,9.18,8.88,8.94,9.33,-0.39,-4.18,16662.15,15049.949
002787.SZ,20180208,9.01,9.4,8.97,9.33,9.09,0.24,2.64,14272.0,13215.028
002787.SZ,20180207,9.28,9.38,8.68,9.09,9.0,0.09,1.0,22975.0,20967.077
002787.SZ,20180206,9.67,9.78,9.0,9.0,10.0,-1.0,-10.0,46094.22,42399.433
002787.SZ,20180205,10.1,10.2,9.9,10.0,10.3,-0.3,-2.91,26758.01,26934.993
002787.SZ,20180202,11.06,11.06,10.12,10.3,11.19,-0.89,-7.95,49703.86,52171.747
002787.SZ,20180201,11.98,12.25,10.94,11.19,12.15,-0.96,-7.9,85121.54,96597.386
002787.SZ,20180131,11.78,12.6,11.61,12.15,11.8,0.35,2.97,91690.06,111736.272
002787.SZ,20180130,11.3,11.8,11.21,11.8,11.36,0.44,3.87,44487.68,51546.597
002787.SZ,20180129,11.28,11.62,11.24,11.36,11.3,0.06,0.53,24110.0,27483.531
002787.SZ,20180126,11.53,11.59,11.28,11.3,11.63,-0.33,-2.84,33714.36,38521.797
002787.SZ,20180125,11.6,11.97,11.5,11.63,11.68,-0.05,-0.43,52512.58,61646.037
002787.SZ,20180124,12.1,12.24,11.61,11.68,12.02,-0.34,-2.83,99938.7,118630.044
002787.SZ,20180123,10.93,12.02,10.93,12.02,10.93,1.09,9.97,96388.06,114250.041
002787.SZ,20180122,10.87,11.07,10.6,10.93,10.91,0.02,0.18,19754.66,21375.995
002787.SZ,20180119,10.94,11.18,10.88,10.91,10.9,0.01,0.09,36392.32,40192.353
002787.SZ,20180118,10.5,10.97,10.42,10.9,10.55,0.35,3.32,27460.96,29534.746
002787.SZ,20180117,10.46,10.56,10.27,10.55,10.48,0.07,0.67,14988.0,15601.282
002787.SZ,20180116,10.08,10.55,10.08,10.48,10.28,0.2,1.95,19298.38,19990.965
002787.SZ,20180115,10.75,10.79,10.25,10.28,10.89,-0.61,-5.6,23890.22,25222.839
002787.SZ,20180112,10.67,11.06,10.67,10.89,10.67,0.22,2.06,29659.62,32372.062
002787.SZ,20180111,10.62,10.74,10.53,10.67,10.62,0.05,0.47,15213.18,16213.946
002787.SZ,20180110,10.76,10.83,10.51,10.62,10.8,-0.18,-1.67,19019.0,20239.861
002787.SZ,20180109,10.94,10.94,10.72,10.8,10.96,-0.16,-1.46,21357.56,23122.431
002787.SZ,20180108,10.88,11.02,10.74,10.96,10.92,0.04,0.37,23302.88,25306.374
002787.SZ,20180105,10.96,10.98,10.81,10.92,10.91,0.01,0.09,21386.52,23277.105
002787.SZ,20180104,11.0,11.11,10.88,10.91,11.13,-0.22,-1.98,24984.36,27398.859
002787.SZ,20180103,11.0,11.16,10.85,11.13,11.21,-0.08,-0.71,39923.06,43869.055
002787.SZ,20180102,10.94,11.38,10.88,11.21,10.65,0.56,5.26,52359.34,58470.962
002787.SZ,20171220,10.93,10.93,10.56,10.65,10.93,-0.28,-2.56,27228.94,29141.23
002787.SZ,20171219,10.5,11.4,10.5,10.93,10.47,0.46,4.39,49865.84,54697.318
002787.SZ,20171218,10.65,10.66,10.46,10.47,10.65,-0.18,-1.69,8691.52,9160.882
002787.SZ,20171215,10.63,10.7,10.44,10.65,10.6,0.05,0.47,12843.52,13606.789
002787.SZ,20171214,10.67,10.72,10.57,10.6,10.66,-0.06,-0.56,11746.52,12495.368
002787.SZ,20171213,10.47,10.67,10.35,10.66,10.47,0.19,1.81,12227.88,12866.049
002787.SZ,20171212,10.68,10.74,10.38,10.47,10.68,-0.21,-1.97,15781.28,16660.946
002787.SZ,20171211,10.55,10.74,10.52,10.68,10.5,0.18,1.71,17604.76,18736.36
002787.SZ,20171208,10.37,10.69,10.31,10.5,10.37,0.13,1.25,19619.6,20694.394
002787.SZ,20171207,10.34,10.47,10.23,10.37,10.33,0.04,0.39,17004.0,17623.993
002787.SZ,20171206,10.17,10.36,10.07,10.33,10.16,0.17,1.67,21631.18,22071.403
002787.SZ,20171205,10.8,10.87,10.0,10.16,10.79,-0.63,-5.84,33062.32,34489.011
002787.SZ,20171204,11.26,11.26,10.79,10.79,11.27,-0.48,-4.26,30428.0,33387.203
002787.SZ,20171201,11.13,11.33,11.09,11.27,11.09,0.18,1.62,18949.32,21294.561
002787.SZ,20171130,11.18,11.27,11.02,11.09,11.2,-0.11,-0.98,17843.0,19882.107
002787.SZ,20171129,11.17,11.34,11.01,11.2,11.26,-0.06,-0.53,20455.18,22815.102
002787.SZ,20171128,11.09,11.26,11.06,11.26,11.09,0.17,1.53,19196.42,21493.747
002787.SZ,20171127,11.32,11.35,11.06,11.09,11.33,-0.24,-2.12,18167.95,20358.415
002787.SZ,20171124,11.59,11.67,11.3,11.33,11.6,-0.27,-2.33,21288.18,24379.512
002787.SZ,20171123,12.08,12.08,11.6,11.6,12.01,-0.41,-3.41,19774.0,23414.619
002787.SZ,20171122,12.0,12.27,11.91,12.01,12.01,0.0,0.0,20668.0,24916.654
002787.SZ,20171121,12.14,12.27,11.75,12.01,12.19,-0.18,-1.48,27278.0,32850.949
002787.SZ,20171120,12.78,12.88,11.65,12.19,12.94,-0.75,-5.8,32927.0,40069.244
002787.SZ,20171117,13.02,13.48,12.76,12.94,13.16,-0.22,-1.67,39971.0,52246.26
002787.SZ,20171116,13.36,13.4,13.12,13.16,13.32,-0.16,-1.2,26028.14,34463.545
002787.SZ,20171115,13.63,13.87,13.3,13.32,13.91,-0.59,-4.24,35953.0,48739.33
002787.SZ,20171114,13.37,14.14,13.11,13.91,13.15,0.76,5.78,61547.06,83558.857
002787.SZ,20171113,13.09,13.24,12.95,13.15,13.07,0.08,0.61,24501.62,32142.744
002787.SZ,20171110,13.07,13.21,12.89,13.07,13.06,0.01,0.08,18148.02,23710.932
002787.SZ,20171109,13.04,13.24,12.98,13.06,13.12,-0.06,-0.46,19607.8,25626.564
002787.SZ,20171108,12.88,13.29,12.87,13.12,12.96,0.16,1.23,25360.02,33297.373
002787.SZ,20171107,12.86,13.09,12.81,12.96,12.86,0.1,0.78,17042.55,22037.792
002787.SZ,20171106,12.76,12.96,12.75,12.86,12.86,0.0,0.0,16388.84,21030.804
002787.SZ,20171103,13.24,13.35,12.77,12.86,13.24,-0.38,-2.87,28482.74,36950.528
002787.SZ,20171102,13.68,13.68,13.2,13.24,13.75,-0.51,-3.71,22720.48,30578.745
002787.SZ,20171101,13.65,13.75,13.55,13.75,13.76,-0.01,-0.07,22862.72,31218.281
002787.SZ,20171031,13.67,13.77,13.44,13.76,13.5,0.26,1.93,23338.8,31773.279
002787.SZ,20171030,14.1,14.25,13.44,13.5,13.94,-0.44,-3.16,34278.08,47077.429
002787.SZ,20171027,14.4,14.4,13.82,13.94,14.32,-0.38,-2.65,29857.78,42130.127
002787.SZ,20171026,14.41,14.44,14.17,14.32,14.41,-0.09,-0.62,27074.5,38731.475
002787.SZ,20171025,14.34,14.48,14.24,14.41,14.29,0.12,0.84,17241.62,24781.366
002787.SZ,20171024,14.55,14.64,14.2,14.29,14.55,-0.26,-1.79,25291.62,36371.976
002787.SZ,20171023,14.48,14.56,14.11,14.55,14.58,-0.03,-0.21,31621.17,45249.767
002787.SZ,20171020,14.51,14.62,14.25,14.58,14.51,0.07,0.48,25816.02,37225.871
002787.SZ,20171019,15.24,15.49,14.44,14.51,15.32,-0.81,-5.29,38464.0,57525.637
002787.SZ,20171018,15.92,16.08,15.05,15.32,16.03,-0.71,-4.43,43011.0,67264.229
002787.SZ,20171017,15.69,16.19,15.65,16.03,15.9,0.13,0.82,52547.42,84016.73
002787.SZ,20171016,15.67,16.17,15.37,15.9,15.68,0.22,1.4,62362.47,98166.024
002787.SZ,20171013,15.4,15.81,15.34,15.68,15.63,0.05,0.32,40478.12,63096.803
002787.SZ,20171012,15.3,16.26,15.17,15.63,15.39,0.24,1.56,57502.24,90308.245
002787.SZ,20171011,15.57,15.58,15.35,15.39,15.57,-0.18,-1.16,28814.7,44494.636
002787.SZ,20171010,15.34,15.57,15.15,15.57,15.32,0.25,1.63,28224.53,43374.437
002787.SZ,20171009,15.4,15.4,15.22,15.32,15.21,0.11,0.72,25021.35,38256.254
002787.SZ,20170929,15.2,15.51,15.03,15.21,15.2,0.01,0.07,35035.95,53247.131
002787.SZ,20170928,15.66,15.7,15.09,15.2,15.9,-0.7,-4.4,58480.45,89889.396
002787.SZ,20170927,15.54,16.39,15.54,15.9,15.54,0.36,2.32,70771.48,112736.926
002787.SZ,20170926,16.42,16.42,15.32,15.54,17.02,-1.48,-8.7,109684.66,174281.08
002787.SZ,20170925,18.39,18.91,17.02,17.02,18.91,-1.89,-9.99,127637.6,223619.11
002787.SZ,20170321,38.57,38.72,38.06,38.32,38.56,-0.24,-0.62,15857.57,60690.703
002787.SZ,20170320,37.9,38.6,37.38,38.56,37.88,0.68,1.8,21972.76,83552.08
002787.SZ,20170317,38.81,38.89,37.8,37.88,39.16,-1.28,-3.27,42160.03,161903.589
002787.SZ,20170316,39.1,39.31,38.72,39.16,39.15,0.01,0.03,52115.86,202833.17
002787.SZ,20170315,38.8,39.5,38.6,39.15,39.21,-0.06,-0.15,30763.44,119845.568
002787.SZ,20170314,37.94,39.3,37.74,39.21,37.94,1.27,3.35,41399.3,159065.63
002787.SZ,20170313,37.54,37.98,36.85,37.94,37.69,0.25,0.66,24288.12,90942.526
002787.SZ,20170310,36.67,37.79,36.53,37.69,36.55,1.14,3.12,23593.74,87682.763
002787.SZ,20170309,37.29,37.29,36.4,36.55,37.29,-0.74,-1.98,16959.3,62088.029
002787.SZ,20170308,37.63,37.67,37.05,37.29,37.55,-0.26,-0.69,15786.79,58877.403
002787.SZ,20170307,37.48,37.75,37.0,37.55,37.4,0.15,0.4,22957.45,85792.09
002787.SZ,20170306,36.98,37.4,36.86,37.4,36.83,0.57,1.55,22457.87,83509.283
002787.SZ,20170303,36.36,36.83,36.02,36.83,36.4,0.43,1.18,19135.17,69893.44
002787.SZ,20170302,36.47,36.84,36.17,36.4,36.62,-0.22,-0.6,17230.83,62851.245
002787.SZ,20170301,36.0,36.97,36.0,36.62,36.17,0.45,1.24,24152.08,88246.393
002787.SZ,20170228,35.9,36.27,35.65,36.17,36.5,-0.33,-0.9,20022.56,72015.691
002787.SZ,20170227,36.69,37.17,36.18,36.5,36.75,-0.25,-0.68,20574.94,75463.374
002787.SZ,20170224,36.3,36.88,36.08,36.75,36.26,0.49,1.35,25058.18,91458.442
002787.SZ,20170223,36.38,36.44,35.76,36.26,36.2,0.06,0.17,16032.36,57921.936
002787.SZ,20170222,35.57,36.2,35.57,36.2,35.58,0.62,1.74,15635.49,56229.037
002787.SZ,20170221,35.0,35.73,34.9,35.58,34.89,0.69,1.98,12609.52,44579.876
002787.SZ,20170220,34.61,35.15,34.43,34.89,34.62,0.27,0.78,13089.89,45605.446
002787.SZ,20170217,35.8,36.08,34.59,34.62,35.89,-1.27,-3.54,20867.0,73492.067
002787.SZ,20170216,36.28,36.28,35.6,35.89,36.31,-0.42,-1.16,18221.38,65343.508
002787.SZ,20170215,36.45,36.98,36.21,36.31,36.45,-0.14,-0.38,20337.68,74276.412
002787.SZ,20170214,36.52,36.85,36.21,36.45,36.51,-0.06,-0.16,9583.3,34885.504
002787.SZ,20170213,36.08,36.78,36.08,36.51,35.94,0.57,1.59,16609.38,60575.985
002787.SZ,20170210,36.42,36.8,35.8,35.94,36.37,-0.43,-1.18,18017.13,65131.097
002787.SZ,20170209,35.74,36.66,35.55,36.37,35.77,0.6,1.68,21893.0,79397.294
002787.SZ,20170208,35.48,35.77,34.89,35.77,35.41,0.36,1.02,16588.28,58738.541
002787.SZ,20170207,35.81,35.81,35.1,35.41,35.73,-0.32,-0.9,12900.11,45692.673
002787.SZ,20170206,35.01,35.8,34.96,35.73,35.02,0.71,2.03,16596.05,58825.655
002787.SZ,20170203,35.82,35.83,35.0,35.02,35.81,-0.79,-2.21,11876.13,41861.854
002787.SZ,20170126,35.8,35.87,35.4,35.81,35.78,0.03,0.08,13403.0,47753.185
002787.SZ,20170125,34.7,35.78,34.55,35.78,34.76,1.02,2.93,19558.85,69125.564
002787.SZ,20170124,34.98,35.28,34.66,34.76,35.02,-0.26,-0.74,14720.04,51492.054
002787.SZ,20170123,34.8,35.28,34.8,35.02,34.8,0.22,0.63,16594.02,58209.951
002787.SZ,20170120,34.01,35.25,34.01,34.8,34.3,0.5,1.46,21597.22,75220.397
002787.SZ,20170119,33.87,34.98,33.58,34.3,33.93,0.37,1.09,20140.79,69140.604
002787.SZ,20170118,34.7,34.79,33.81,33.93,35.08,-1.15,-3.28,22439.33,76708.483
002787.SZ,20170117,33.0,35.59,32.32,35.08,33.25,1.83,5.5,39376.38,135089.104
002787.SZ,20170116,35.65,35.65,32.22,33.25,35.8,-2.55,-7.12,30964.89,104546.126
002787.SZ,20170113,37.34,37.67,35.6,35.8,37.35,-1.55,-4.15,25202.09,91565.035
002787.SZ,20170112,38.2,38.76,37.24,37.35,38.43,-1.08,-2.81,15976.47,60770.462
002787.SZ,20170111,40.19,40.38,38.39,38.43,40.16,-1.73,-4.31,21308.0,83416.819
002787.SZ,20170110,40.2,40.42,39.9,40.16,40.04,0.12,0.3,11083.68,44559.259
002787.SZ,20170109,39.84,40.48,39.62,40.04,40.1,-0.06,-0.15,10932.18,43665.487
002787.SZ,20170106,41.55,41.55,39.96,40.1,41.47,-1.37,-3.3,21605.14,87438.443
002787.SZ,20170105,41.5,41.85,41.3,41.47,41.41,0.06,0.14,21421.12,89004.001
002787.SZ,20170104,40.68,41.41,40.45,41.41,40.72,0.69,1.69,27681.37,113516.521
002787.SZ,20170103,40.24,41.17,40.16,40.72,40.11,0.61,1.52,15387.87,62777.524
002787.SZ,20161230,40.95,41.77,40.02,40.11,40.81,-0.7,-1.72,14179.07,58101.199
002787.SZ,20161229,41.4,41.88,40.8,40.81,41.1,-0.29,-0.71,14237.01,58952.601
002787.SZ,20161228,42.07,42.2,40.5,41.1,42.51,-1.41,-3.32,21035.04,86807.129
002787.SZ,20161227,42.67,42.91,42.12,42.51,42.67,-0.16,-0.38,11253.44,48002.539
002787.SZ,20161226,40.44,43.07,40.44,42.67,42.35,0.32,0.76,16113.36,67575.268
002787.SZ,20161223,45.87,45.87,41.25,42.35,45.68,-3.33,-7.29,34217.11,148356.526
002787.SZ,20161222,46.75,46.95,45.32,45.68,46.72,-1.04,-2.23,19784.19,90557.916
002787.SZ,20161221,46.16,46.77,45.9,46.72,46.12,0.6,1.3,14930.88,69240.111
002787.SZ,20161220,45.96,46.46,45.7,46.12,45.87,0.25,0.55,9212.09,42492.686
002787.SZ,20161219,46.9,46.9,45.47,45.87,46.98,-1.11,-2.36,15514.04,71526.712
002787.SZ,20161216,46.88,47.29,46.5,46.98,46.87,0.11,0.23,14799.32,69374.279
002787.SZ,20161215,46.33,47.68,46.16,46.87,46.15,0.72,1.56,22279.06,104781.144
002787.SZ,20161214,46.7,47.45,46.0,46.15,47.11,-0.96,-2.04,19556.02,91159.057
002787.SZ,20161213,46.49,47.75,45.21,47.11,46.59,0.52,1.12,29715.01,138467.68
002787.SZ,20161212,51.91,51.91,46.59,46.59,51.77,-5.18,-10.01,39170.71,190537.889
002787.SZ,20161209,51.89,52.46,51.06,51.77,51.95,-0.18,-0.35,23271.71,120432.928
002787.SZ,20161208,53.52,53.69,51.8,51.95,53.8,-1.85,-3.44,27777.0,146020.755
002787.SZ,20161207,52.75,54.18,52.18,53.8,53.1,0.7,1.32,26417.16,140638.387
002787.SZ,20161206,55.96,56.19,53.06,53.1,55.82,-2.72,-4.87,42522.07,231372.796
002787.SZ,20161205,54.6,57.12,54.1,55.82,55.62,0.2,0.36,32910.41,184413.599
002787.SZ,20161202,56.1,57.57,55.2,55.62,56.75,-1.13,-1.99,38739.05,217939.487
002787.SZ,20161201,57.65,59.86,56.56,56.75,58.17,-1.42,-2.44,63834.64,370996.391
002787.SZ,20161130,56.0,58.17,54.6,58.17,56.2,1.97,3.51,49853.99,282635.638
002787.SZ,20161129,55.0,57.14,54.91,56.2,54.8,1.4,2.55,49093.95,276669.87
002787.SZ,20161128,56.9,57.38,54.65,54.8,57.04,-2.24,-3.93,33711.05,188056.016
002787.SZ,20161125,57.6,57.78,54.92,57.04,58.15,-1.11,-1.91,56983.7,321367.428
002787.SZ,20161124,57.85,60.35,57.52,58.15,58.4,-0.25,-0.43,73246.54,430893.083
002787.SZ,20161123,56.75,58.4,56.3,58.4,57.34,1.06,1.85,58832.2,336695.592
002787.SZ,20161122,57.19,58.58,56.33,57.34,57.74,-0.4,-0.69,74537.78,426375.762
002787.SZ,20161121,54.49,58.85,54.11,57.74,54.49,3.25,5.96,93303.86,527764.977
002787.SZ,20161118,52.64,56.76,52.52,54.49,51.6,2.89,5.6,81725.19,448807.029
002787.SZ,20161117,52.49,52.96,51.35,51.6,52.78,-1.18,-2.24,24115.24,125066.23
002787.SZ,20161116,54.31,54.89,52.76,52.78,54.39,-1.61,-2.96,36857.45,197824.509
002787.SZ,20161115,55.0,55.0,53.65,54.39,55.02,-0.63,-1.15,35328.53,191417.096
002787.SZ,20161114,52.31,55.31,52.31,55.02,52.92,2.1,3.97,64204.2,347709.477
002787.SZ,20161111,53.07,53.76,52.3,52.92,53.2,-0.28,-0.53,42622.08,225711.05
002787.SZ,20161110,52.61,54.0,52.26,53.2,52.0,1.2,2.31,55704.9,296623.591
002787.SZ,20161109,52.13,52.92,51.0,52.0,52.29,-0.29,-0.55,40067.59,208682.659
002787.SZ,20161108,52.83,53.29,51.13,52.29,52.83,-0.54,-1.02,45764.99,238279.079
002787.SZ,20161107,52.89,53.93,52.11,52.83,53.07,-0.24,-0.45,48544.14,257663.682
002787.SZ,20161104,51.0,54.38,51.0,53.07,50.99,2.08,4.08,75362.02,398609.189
002787.SZ,20161103,50.87,52.44,50.7,50.99,51.13,-0.14,-0.27,51129.91,263884.638
002787.SZ,20161102,51.15,51.62,50.57,51.13,51.3,-0.17,-0.33,36209.79,184977.255
002787.SZ,20161101,48.9,51.49,48.73,51.3,48.74,2.56,5.25,50245.94,253794.757
002787.SZ,20161031,48.18,48.98,47.65,48.74,48.53,0.21,0.43,21292.87,102638.235
002787.SZ,20161028,49.81,50.17,48.2,48.53,50.02,-1.49,-2.98,36875.37,181434.6126
002787.SZ,20161027,50.71,50.87,49.78,50.02,50.74,-0.72,-1.42,23735.87,119422.8324
002787.SZ,20161026,50.4,50.95,49.42,50.74,50.75,-0.01,-0.02,33959.39,170150.7695
002787.SZ,20161025,51.5,52.47,50.36,50.75,51.5,-0.75,-1.46,32953.84,169873.7661
002787.SZ,20161024,51.7,51.85,50.58,51.5,51.51,-0.01,-0.02,31655.95,162204.0485
002787.SZ,20161021,51.54,51.8,49.9,51.51,52.1,-0.59,-1.13,47057.54,239915.3779
002787.SZ,20161020,51.25,52.88,51.03,52.1,51.28,0.82,1.6,38892.21,201993.3136
002787.SZ,20161019,53.0,53.0,50.93,51.28,51.0,0.28,0.55,34181.64,176325.2286
002787.SZ,20161018,49.98,51.1,49.5,51.0,49.96,1.04,2.08,29834.6,150252.9561
002787.SZ,20161017,50.7,51.8,49.4,49.96,50.55,-0.59,-1.17,29880.98,150175.2462
002787.SZ,20161014,49.3,51.02,49.3,50.55,49.63,0.92,1.85,39207.59,197492.4021
002787.SZ,20161013,49.89,50.14,49.3,49.63,49.9,-0.27,-0.54,21580.38,107250.3741
002787.SZ,20161012,49.0,50.39,48.91,49.9,49.44,0.46,0.93,33766.61,168140.7025
002787.SZ,20161011,49.28,49.62,48.67,49.44,49.17,0.27,0.55,24160.35,118593.3768
002787.SZ,20161010,47.29,49.45,47.0,49.17,46.96,2.21,4.71,24861.01,120660.7872
002787.SZ,20160930,46.97,47.23,46.7,46.96,46.94,0.02,0.04,8066.48,37877.9456
002787.SZ,20160929,47.08,47.5,46.6,46.94,46.88,0.06,0.13,11656.75,54868.0505
002787.SZ,20160928,47.23,47.23,46.52,46.88,47.35,-0.47,-0.99,11513.77,53931.7024
002787.SZ,20160927,47.75,48.14,45.56,47.35,47.94,-0.59,-1.23,25802.68,120576.8495
002787.SZ,20160926,48.6,49.6,47.75,47.94,48.8,-0.86,-1.76,26312.4,127782.8261
002787.SZ,20160923,47.11,49.17,46.86,48.8,46.85,1.95,4.16,40826.71,197465.2369
002787.SZ,20160922,47.18,47.48,46.81,46.85,46.88,-0.03,-0.06,12837.41,60493.5346
002787.SZ,20160921,46.58,47.15,46.19,46.88,46.4,0.48,1.03,15110.89,70678.247
002787.SZ,20160920,46.53,47.0,46.27,46.4,46.53,-0.13,-0.28,9638.04,44900.756
002787.SZ,20160919,45.81,46.87,45.81,46.53,45.81,0.72,1.57,9391.6,43584.4087
002787.SZ,20160914,45.9,46.27,45.56,45.81,46.07,-0.26,-0.56,9018.17,41419.6062
002787.SZ,20160913,46.3,46.54,45.8,46.07,45.9,0.17,0.37,10067.59,46441.3052
002787.SZ,20160912,47.01,47.44,45.9,45.9,48.08,-2.18,-4.53,22141.51,103165.5305
002787.SZ,20160909,48.52,48.84,48.04,48.08,48.5,-0.42,-0.87,13933.78,67436.0586
002787.SZ,20160908,48.01,48.98,48.01,48.5,48.33,0.17,0.35,11575.51,56131.2463
002787.SZ,20160907,49.0,49.5,48.0,48.33,49.2,-0.87,-1.77,19772.26,96728.7691
002787.SZ,20160906,47.6,49.3,46.7,49.2,47.79,1.41,2.95,25323.31,121747.5297
002787.SZ,20160905,47.99,48.69,47.52,47.79,47.64,0.15,0.31,15605.98,75110.9643
002787.SZ,20160902,48.17,48.67,47.36,47.64,48.51,-0.87,-1.79,17748.24,85127.1629
002787.SZ,20160901,49.29,49.44,48.5,48.51,49.29,-0.78,-1.58,17051.47,83320.8705
002787.SZ,20160831,49.04,49.45,47.81,49.29,48.91,0.38,0.78,25510.56,123933.4123
002787.SZ,20160830,48.83,49.65,48.8,48.91,48.76,0.15,0.31,17420.4,85705.6034
002787.SZ,20160829,49.39,49.39,48.56,48.76,49.55,-0.79,-1.59,21488.0,105015.7365
002787.SZ,20160826,50.64,51.29,49.29,49.55,51.07,-1.52,-2.98,42193.35,212022.451
002787.SZ,20160825,50.56,51.47,49.51,51.07,50.56,0.51,1.01,38767.15,196635.753
002787.SZ,20160824,52.01,52.03,50.15,50.56,53.0,-2.44,-4.6,59245.9,301123.9453
002787.SZ,20160823,54.55,55.18,52.32,53.0,54.3,-1.3,-2.39,46275.32,246727.4255
002787.SZ,20160822,53.26,55.98,52.09,54.3,53.25,1.05,1.97,60125.87,325186.7088
002787.SZ,20160819,53.02,54.38,52.0,53.25,52.85,0.4,0.76,47584.14,253809.3325
002787.SZ,20160818,53.1,54.49,52.55,52.85,53.64,-0.79,-1.47,52143.31,277251.6812
002787.SZ,20160817,49.75,54.5,49.48,53.64,49.78,3.86,7.75,72123.76,377790.4101
002787.SZ,20160816,49.83,51.47,49.68,49.78,50.01,-0.23,-0.46,43919.11,221738.7373
002787.SZ,20160815,47.57,50.58,47.57,50.01,47.32,2.69,5.68,43148.48,212745.4861
002787.SZ,20160812,46.71,47.67,46.69,47.32,47.14,0.18,0.38,21896.47,103430.4852
002787.SZ,20160811,48.88,49.2,47.1,47.14,49.23,-2.09,-4.25,28405.39,136227.1478
002787.SZ,20160810,48.69,49.5,48.52,49.23,48.84,0.39,0.8,28170.91,138288.4223
002787.SZ,20160809,48.2,49.6,47.91,48.84,48.35,0.49,1.01,33033.5,161836.2243
002787.SZ,20160808,47.31,48.55,45.7,48.35,47.87,0.48,1.0,27167.55,128066.2954
002787.SZ,20160805,49.54,49.85,47.35,47.87,49.58,-1.71,-3.45,35287.21,171389.8663
002787.SZ,20160804,50.1,50.1,49.01,49.58,49.62,-0.04,-0.08,26361.36,130429.8171
002787.SZ,20160803,47.91,50.41,47.8,49.62,48.1,1.52,3.16,40742.81,200493.1484
002787.SZ,20160802,47.21,48.35,47.2,48.1,47.16,0.94,1.99,23354.02,111634.57
002787.SZ,20160801,49.0,49.44,45.45,47.16,50.2,-3.04,-6.06,34351.13,162464.4151
002787.SZ,20160729,50.12,51.2,49.4,50.2,50.8,-0.6,-1.18,32760.18,164916.8195
002787.SZ,20160728,49.28,50.91,48.18,50.8,49.28,1.52,3.08,48026.43,239062.6361
002787.SZ,20160727,54.33,54.75,49.19,49.28,54.66,-5.38,-9.84,81031.6,415778.3083
002787.SZ,20160726,53.95,55.86,53.95,54.66,54.45,0.21,0.39,42740.35,234043.0193
002787.SZ,20160725,55.0,56.82,53.4,54.45,55.4,-0.95,-1.71,54594.4,301039.7228
002787.SZ,20160722,54.9,56.72,53.85,55.4,55.2,0.2,0.36,63962.65,354960.3618
002787.SZ,20160721,58.54,58.96,55.02,55.2,58.51,-3.31,-5.66,84929.4,478961.2323
002787.SZ,20160720,58.38,58.98,56.91,58.51,59.01,-0.5,-0.85,78307.76,454922.915
002787.SZ,20160719,55.39,59.25,54.48,59.01,55.73,3.28,5.89,116562.23,666601.2226
002787.SZ,20160718,54.0,57.45,54.0,55.73,54.74,0.99,1.81,91992.92,516388.017
002787.SZ,20160715,54.99,56.56,54.11,54.74,55.22,-0.48,-0.87,82471.08,457672.5167
002787.SZ,20160714,51.12,56.0,50.8,55.22,51.12,4.1,8.02,83567.45,448527.7052
002787.SZ,20160713,51.79,52.19,50.5,51.12,51.75,-0.63,-1.22,41171.94,211968.2225
002787.SZ,20160712,50.02,51.88,49.1,51.75,50.18,1.57,3.13,48051.37,244022.2668
002787.SZ,20160711,53.0,53.98,50.06,50.18,54.25,-4.07,-7.5,71993.18,371823.594
002787.SZ,20160708,54.03,56.4,53.5,54.25,54.2,0.05,0.09,79574.84,440283.5177
002787.SZ,20160707,52.92,55.0,52.6,54.2,53.25,0.95,1.78,50002.1,269114.804
002787.SZ,20160706,54.99,55.0,51.99,53.75,55.0,-1.25,-2.27,55173.01,297211.7237
002787.SZ,20160705,53.8,55.85,53.51,55.0,53.67,1.33,2.48,88108.09,483500.1356
002787.SZ,20160704,50.2,54.98,49.01,53.67,50.63,3.04,6.0,71562.81,378355.5827
002787.SZ,20160701,50.45,51.85,49.77,50.63,49.47,1.16,2.34,45731.38,232846.9164
002787.SZ,20160630,52.15,52.89,49.3,49.47,54.38,-4.91,-9.03,77306.5,396113.5195
002787.SZ,20160629,51.91,55.0,50.46,54.38,52.19,2.19,4.2,103961.22,548273.8227
002787.SZ,20160628,50.01,52.49,49.8,52.19,50.2,1.99,3.96,74605.46,386363.8863
002787.SZ,20160627,47.49,50.49,47.28,50.2,48.28,1.92,3.98,49019.05,242958.0623
002787.SZ,20160624,50.06,50.28,46.01,48.28,49.85,-1.57,-3.15,64650.66,312649.9837
002787.SZ,20160623,49.9,50.9,49.5,49.85,49.85,0.0,0.0,44381.43,222809.4331
002787.SZ,20160622,48.89,50.38,48.38,49.85,48.9,0.95,1.94,47007.87,232821.2288
002787.SZ,20160621,51.0,51.99,48.01,48.9,50.75,-1.85,-3.65,73475.02,371581.7489
002787.SZ,20160620,49.95,52.88,49.21,50.75,50.1,0.65,1.3,81822.52,419259.4821
002787.SZ,20160617,47.5,50.7,47.01,50.1,46.71,3.39,7.26,84419.93,415700.8923
002787.SZ,20160616,47.88,48.88,46.25,46.71,47.42,-0.71,-1.5,49782.26,236118.6182
002787.SZ,20160615,45.49,48.71,45.39,47.42,45.95,1.47,3.2,65180.4,310309.5161
002787.SZ,20160614,43.6,46.38,43.6,45.95,45.03,0.92,2.04,53404.68,243040.909
002787.SZ,20160613,48.3,48.3,45.03,45.03,50.03,-5.0,-9.99,80322.84,374686.4832
002787.SZ,20160608,52.28,52.59,50.01,50.03,54.05,-4.02,-7.44,94340.6,483896.6794
002787.SZ,20160607,52.15,55.5,51.12,54.05,52.43,1.62,3.09,122645.06,651909.1275
002787.SZ,20160606,49.15,53.18,48.6,52.43,49.01,3.42,6.98,103413.75,521516.7602
002787.SZ,20160603,51.24,52.88,49.0,49.01,51.37,-2.36,-4.59,113296.63,572688.731
002787.SZ,20160602,47.5,51.76,47.16,51.37,48.37,3.0,6.2,124744.64,611612.3174
002787.SZ,20160601,44.7,49.19,44.53,48.37,44.72,3.65,8.16,121073.52,562409.7418
002787.SZ,20160531,42.76,45.8,42.53,44.72,42.76,1.96,4.58,99424.89,442323.2184
002787.SZ,20160530,41.0,43.9,40.51,42.76,41.94,0.82,1.96,64718.73,276313.0994
002787.SZ,20160527,43.22,44.39,41.8,41.94,43.86,-1.92,-4.38,67746.99,290897.4703
002787.SZ,20160526,42.8,43.98,40.85,43.86,43.39,0.47,1.08,73682.29,312575.6416
002787.SZ,20160525,43.58,44.46,41.9,43.39,43.77,-0.38,-0.87,90468.23,393293.221
002787.SZ,20160524,41.8,44.38,41.01,43.77,42.3,1.47,3.48,112658.36,482795.5228
002787.SZ,20160523,40.9,42.8,40.5,42.3,40.62,1.68,4.14,110006.7,460090.6478
002787.SZ,20160520,36.53,40.62,36.0,40.62,36.93,3.69,9.99,89288.08,344477.7233
002787.SZ,20160519,36.0,38.37,36.0,36.93,35.99,0.94,2.61,55401.51,207187.3036
002787.SZ,20160518,36.6,37.14,34.61,35.99,37.45,-1.46,-3.9,47265.33,171194.8723
002787.SZ,20160517,37.15,38.86,36.82,37.45,37.29,0.16,0.43,75805.21,287241.9141
002787.SZ,20160516,35.3,37.29,34.58,37.29,35.2,2.09,5.94,49833.95,180018.8412
002787.SZ,20160513,35.9,37.0,35.01,35.2,36.21,-1.01,-2.79,42922.25,155011.6537
002787.SZ,20160512,35.9,36.78,33.85,36.21,36.87,-0.66,-1.79,55252.12,196599.1472
002787.SZ,20160511,39.4,40.34,36.84,36.87,39.48,-2.61,-6.61,77351.5,297144.3075
002787.SZ,20160510,42.99,43.38,39.4,39.48,42.99,-3.51,-8.16,92283.94,378191.1243
002787.SZ,20160509,41.0,44.5,40.35,42.99,41.85,1.14,2.72,120617.28,516750.1315
002787.SZ,20160506,42.05,43.94,40.8,41.85,42.38,-0.53,-1.25,128893.75,549054.9167
002787.SZ,20160505,40.35,42.59,40.3,42.38,40.85,1.53,3.75,98231.96,407614.4066
002787.SZ,20160504,38.81,42.0,38.53,40.85,39.51,1.34,3.39,104211.79,418791.3412
002787.SZ,20160503,37.89,39.68,37.02,39.51,37.89,1.62,4.28,70525.03,272012.1119
002787.SZ,20160429,39.1,39.1,37.65,37.89,39.26,-1.37,-3.49,54575.03,208506.8192
002787.SZ,20160428,39.06,39.44,37.2,39.26,39.87,-0.61,-1.53,87210.52,334948.2104
002787.SZ,20160427,38.51,41.38,38.08,39.87,38.47,1.4,3.64,120189.53,482910.9739
002787.SZ,20160426,38.32,39.25,37.5,38.47,39.0,-0.53,-1.36,75451.14,288064.0924
002787.SZ,20160425,38.15,39.4,36.88,39.0,40.23,-1.23,-3.06,96017.4,367188.5004
002787.SZ,20160422,40.0,42.4,38.12,40.23,39.48,0.75,1.9,172956.59,691834.4598
002787.SZ,20160421,36.0,39.48,35.73,39.48,35.89,3.59,10.0,129717.73,501317.4744
002787.SZ,20160420,37.69,38.2,35.4,35.89,39.33,-3.44,-8.75,106975.49,393347.3026
002787.SZ,20160419,36.3,39.33,36.01,39.33,35.75,3.58,10.01,80723.73,302081.1291
002787.SZ,20160418,36.93,36.99,35.5,35.75,37.8,-2.05,-5.42,56488.17,203775.3566
002787.SZ,20160415,38.48,39.63,37.68,37.8,38.48,-0.68,-1.77,98310.67,378691.418
002787.SZ,20160414,35.0,38.48,34.8,38.48,34.98,3.5,10.01,101618.74,375401.4962
002787.SZ,20160413,34.0,35.75,33.79,34.98,34.04,0.94,2.76,78085.17,272194.0621
002787.SZ,20160412,35.15,36.99,33.84,34.04,34.84,-0.8,-2.3,95380.95,339468.4319
002787.SZ,20160411,33.32,35.61,33.32,34.84,33.21,1.63,4.91,74093.4,257231.6018
002787.SZ,20160408,31.75,33.43,31.18,33.21,32.18,1.03,3.2,53859.67,173646.8495
002787.SZ,20160407,32.1,32.96,31.81,32.18,32.09,0.09,0.28,46360.61,149883.943
002787.SZ,20160406,31.85,32.75,31.68,32.09,32.05,0.04,0.12,39255.67,126366.6993
002787.SZ,20160405,30.81,32.35,30.62,32.05,30.83,1.22,3.96,37053.81,117660.2524
002787.SZ,20160401,31.36,31.36,30.4,30.83,31.32,-0.49,-1.56,23986.05,73831.3339
002787.SZ,20160331,31.14,31.87,31.01,31.32,30.99,0.33,1.06,41203.36,129340.4876
002787.SZ,20160330,29.8,31.0,29.71,30.99,29.4,1.59,5.41,34550.38,104810.3531
002787.SZ,20160329,30.5,30.69,29.11,29.4,30.42,-1.02,-3.35,28309.59,83993.0004
002787.SZ,20160328,31.11,31.88,30.3,30.42,30.79,-0.37,-1.2,32616.31,101699.5327
002787.SZ,20160325,30.9,31.47,30.35,30.79,31.35,-0.56,-1.79,35259.53,108614.8547
002787.SZ,20160324,32.25,32.25,31.35,31.35,33.03,-1.68,-5.09,65637.95,208693.3297
002787.SZ,20160323,30.78,33.83,30.58,33.03,30.75,2.28,7.41,80669.09,259848.0672
002787.SZ,20160322,31.0,31.16,30.5,30.75,31.45,-0.7,-2.23,36586.78,112887.0009
002787.SZ,20160321,31.11,31.67,30.82,31.45,30.81,0.64,2.08,55433.04,173176.4033
002787.SZ,20160318,29.6,30.98,29.5,30.81,29.61,1.2,4.05,59203.61,180169.6147
002787.SZ,20160317,28.54,29.9,28.54,29.61,28.65,0.96,3.35,50964.0,149359.6229
002787.SZ,20160316,28.63,29.45,28.38,28.65,28.28,0.37,1.31,43380.48,125425.0211
002787.SZ,20160315,28.36,28.85,28.08,28.28,28.58,-0.3,-1.05,23363.58,66579.3169
002787.SZ,20160314,27.88,29.28,27.71,28.58,27.32,1.26,4.61,37930.33,108580.7424
002787.SZ,20160311,26.65,27.71,26.6,27.32,27.47,-0.15,-0.55,19040.95,51721.7692
002787.SZ,20160310,27.81,28.35,27.41,27.47,27.94,-0.47,-1.68,25368.04,70734.9575
002787.SZ,20160309,27.38,28.49,27.05,27.94,27.94,0.0,0.0,31500.84,87461.9205
002787.SZ,20160308,27.7,27.99,26.2,27.94,27.71,0.23,0.83,28875.69,78406.2242
002787.SZ,20160307,27.5,28.29,27.25,27.71,27.03,0.68,2.52,22559.87,62717.0789
002787.SZ,20160304,28.51,28.88,26.58,27.03,28.78,-1.75,-6.08,36426.02,100944.3579
002787.SZ,20160303,29.12,30.2,28.71,28.78,29.45,-0.67,-2.28,43385.6,127750.5061
002787.SZ,20160302,27.71,29.67,27.51,29.45,27.76,1.69,6.09,45915.58,131528.6072
002787.SZ,20160301,27.0,28.15,25.91,27.76,26.99,0.77,2.85,36453.4,99288.1027
002787.SZ,20160229,29.49,29.94,26.71,26.99,29.68,-2.69,-9.06,38600.51,106003.5919
002787.SZ,20160226,30.4,30.97,29.11,29.68,30.55,-0.87,-2.85,38107.93,114924.7018
002787.SZ,20160225,33.57,33.57,30.55,30.55,33.94,-3.39,-9.99,58583.2,186100.6949
002787.SZ,20160224,34.9,34.9,32.98,33.94,35.19,-1.25,-3.55,73294.39,247830.1711
002787.SZ,20160223,33.86,36.0,33.6,35.19,34.18,1.01,2.95,90847.92,317948.2845
002787.SZ,20160222,33.4,34.2,32.98,34.18,32.66,1.52,4.65,80932.85,272917.3447
002787.SZ,20160219,32.55,32.88,31.98,32.66,33.06,-0.4,-1.21,52181.06,169553.9834
002787.SZ,20160218,32.74,34.17,31.9,33.06,32.2,0.86,2.67,86968.2,285732.2321
002787.SZ,20160217,31.9,32.84,31.6,32.2,31.82,0.38,1.19,68017.36,219247.7952
002787.SZ,20160216,30.68,32.2,30.67,31.82,30.39,1.43,4.71,55635.0,176248.7886
002787.SZ,20160215,29.3,30.9,29.26,30.39,31.4,-1.01,-3.22,37315.54,112045.2159
002787.SZ,20160205,32.57,32.85,31.2,31.4,32.75,-1.35,-4.12,69214.34,219814.8316
002787.SZ,20160204,30.75,33.4,30.55,32.75,30.51,2.24,7.34,92855.12,301925.5325
002787.SZ,20160203,30.0,30.92,29.5,30.51,30.9,-0.39,-1.26,49957.22,150549.5779
002787.SZ,20160202,29.67,31.27,29.66,30.9,30.21,0.69,2.28,60992.99,187559.4136
002787.SZ,20160201,29.81,31.44,29.21,30.21,30.18,0.03,0.1,66728.42,202731.6031
002787.SZ,20160129,28.8,31.33,28.55,30.18,28.8,1.38,4.79,70699.6,212870.7798
002787.SZ,20160128,30.7,31.0,28.71,28.8,31.9,-3.1,-9.72,65952.92,196544.0743
002787.SZ,20160127,30.2,32.4,29.03,31.9,31.44,0.46,1.46,83881.68,255466.0554
002787.SZ,20160126,34.15,34.32,31.44,31.44,34.93,-3.49,-9.99,79184.57,256469.504
002787.SZ,20160125,35.4,35.6,33.88,34.93,34.9,0.03,0.09,79023.36,274744.1338
002787.SZ,20160122,37.0,38.0,34.6,34.9,37.66,-2.76,-7.33,114865.75,409780.394
002787.SZ,20160121,37.8,39.02,37.66,37.66,41.84,-4.18,-9.99,135222.82,513825.0988
002787.SZ,20160120,49.88,50.82,41.58,41.84,46.2,-4.36,-9.44,238010.0,1107317.6712
002787.SZ,20160119,40.0,46.2,40.0,46.2,42.0,4.2,10.0,215697.05,968569.9255
002787.SZ,20160118,39.0,45.99,37.88,42.0,42.09,-0.09,-0.21,168623.68,668055.1904
002787.SZ,20160115,42.47,42.47,40.28,42.09,38.61,3.48,9.01,134376.95,563859.2121
002787.SZ,20160114,38.61,38.61,38.61,38.61,35.1,3.51,10.0,2265.01,8745.2036
002787.SZ,20160113,35.1,35.1,35.1,35.1,31.91,3.19,10.0,522.0,1832.22
002787.SZ,20160112,31.91,31.91,31.91,31.91,29.01,2.9,10.0,465.38,1485.0276
002787.SZ,20160111,29.01,29.01,29.01,29.01,26.37,2.64,10.01,366.0,1061.766
002787.SZ,20160108,26.37,26.37,26.37,26.37,23.97,2.4,10.01,301.0,793.737
002787.SZ,20160107,23.97,23.97,23.97,23.97,21.79,2.18,10.0,99.0,237.303
002787.SZ,20160106,21.79,21.79,21.79,21.79,19.81,1.98,10.0,77.0,167.783
002787.SZ,20160105,19.81,19.81,19.81,19.81,18.01,1.8,9.99,141.0,279.321
002787.SZ,20160104,18.01,18.01,18.01,18.01,16.37,1.64,10.02,55.02,99.091
002787.SZ,20151231,14.37,16.37,14.37,16.37,11.37,5.0,43.98,179.01,292.6768
002787.SZ,20151231,14.37,16.37,14.37,16.37,11.37,5.0,43.98,179.01,292.6768
